country,year_month,temperature_celsius
Afghanistan,2024-05,20.305882352941175
Afghanistan,2024-06,25.59
Afghanistan,2024-07,31.303448275862067
Afghanistan,2024-08,30.848387096774193
Afghanistan,2024-09,28.216666666666665
Afghanistan,2024-10,21.98709677419355
Afghanistan,2024-11,15.67
Afghanistan,2024-12,7.174193548387097
Afghanistan,2025-01,1.3677419354838711
Afghanistan,2025-02,4.789285714285714
Afghanistan,2025-03,11.993548387096775
Afghanistan,2025-04,22.986666666666668
Afghanistan,2025-05,27.26774193548387
Afghanistan,2025-06,31.013333333333332
Afghanistan,2025-07,32.880645161290325
Afghanistan,2025-08,30.480645161290322
Afghanistan,2025-09,26.833333333333332
Afghanistan,2025-10,20.26451612903226
Afghanistan,2025-11,13.923333333333334
Afghanistan,2025-12,8.619354838709677
Afghanistan,2026-01,2.330000000000001
Afghanistan,2026-02,6.689285714285715
Afghanistan,2026-03,12.316129032258065
Afghanistan,2026-04,15.976666666666667
Afghanistan,2026-05,23.541935483870965
Afghanistan,2026-06,26.346666666666668
Afghanistan,2026-07,28.542105263157893
Albania,2024-05,25.647058823529413
Albania,2024-06,30.84333333333333
Albania,2024-07,34.63793103448276
Albania,2024-08,34.980645161290326
Albania,2024-09,27.516666666666666
Albania,2024-10,21.835483870967742
Albania,2024-11,13.783333333333333
Albania,2024-12,11.741935483870968
Albania,2025-01,13.425806451612903
Albania,2025-02,12.428571428571429
Albania,2025-03,16.067741935483873
Albania,2025-04,18.403333333333332
Albania,2025-05,21.664516129032258
Albania,2025-06,29.323333333333334
Albania,2025-07,30.361290322580647
Albania,2025-08,28.22258064516129
Albania,2025-09,23.373333333333335
Albania,2025-10,15.170967741935485
Albania,2025-11,12.423333333333334
Albania,2025-12,5.316129032258065
Albania,2026-01,6.713333333333334
Albania,2026-02,7.903571428571429
Albania,2026-03,8.086206896551724
Albania,2026-04,13.736666666666668
Albania,2026-05,17.593548387096774
Albania,2026-06,22.6
Albania,2026-07,23.61
Algeria,2024-05,26.11764705882353
Algeria,2024-06,27.89
Algeria,2024-07,30.29642857142857
Algeria,2024-08,31.483870967741936
Algeria,2024-09,28.43
Algeria,2024-10,23.76774193548387
Algeria,2024-11,19.44333333333333
Algeria,2024-12,14.748387096774193
Algeria,2025-01,15.019354838709678
Algeria,2025-02,15.424999999999999
Algeria,2025-03,17.616129032258065
Algeria,2025-04,19.7
Algeria,2025-05,22.274193548387096
Algeria,2025-06,28.503333333333334
Algeria,2025-07,29.34193548387097
Algeria,2025-08,27.712903225806453
Algeria,2025-09,24.243333333333332
Algeria,2025-10,19.029032258064515
Algeria,2025-11,12.66
Algeria,2025-12,9.606451612903227
Algeria,2026-01,10.163333333333332
Algeria,2026-02,11.200000000000001
Algeria,2026-03,10.655172413793103
Algeria,2026-04,13.03
Algeria,2026-05,16.448387096774194
Algeria,2026-06,22.263333333333332
Algeria,2026-07,23.53
Andorra,2024-05,12.423529411764704
Andorra,2024-06,17.459999999999997
Andorra,2024-07,24.010344827586206
Andorra,2024-08,23.416129032258063
Andorra,2024-09,14.58
Andorra,2024-10,11.593548387096773
Andorra,2024-11,6.1433333333333335
Andorra,2024-12,3.087096774193549
Andorra,2025-01,2.145161290322581
Andorra,2025-02,4.164285714285715
Andorra,2025-03,1.8258064516129047
Andorra,2025-04,7.233333333333333
Andorra,2025-05,11.038709677419355
Andorra,2025-06,21.09333333333333
Andorra,2025-07,19.07741935483871
Andorra,2025-08,20.793548387096774
Andorra,2025-09,13.860000000000001
Andorra,2025-10,9.35483870967742
Andorra,2025-11,0.9900000000000023
Andorra,2025-12,-1.2967741935483827
Andorra,2026-01,-1.429999999999995
Andorra,2026-02,-1.178571428571425
Andorra,2026-03,-1.0399999999999963
Andorra,2026-04,3.2866666666666675
Andorra,2026-05,7.364516129032259
Andorra,2026-06,12.363333333333333
Andorra,2026-07,12.254999999999999
Angola,2024-05,29.08823529411765
Angola,2024-06,26.55
Angola,2024-07,24.475862068965515
Angola,2024-08,24.458064516129035
Angola,2024-09,25.956666666666667
Angola,2024-10,26.251612903225805
Angola,2024-11,27.296666666666667
Angola,2024-12,27.758064516129032
Angola,2025-01,29.38064516129032
Angola,2025-02,29.264285714285712
Angola,2025-03,29.548387096774192
Angola,2025-04,28.626666666666665
Angola,2025-05,27.861290322580647
Angola,2025-06,25.203333333333333
Angola,2025-07,22.293548387096774
Angola,2025-08,21.019354838709678
Angola,2025-09,22.696666666666665
Angola,2025-10,24.612903225806452
Angola,2025-11,26.14
Angola,2025-12,25.77741935483871
Angola,2026-01,26.016666666666666
Angola,2026-02,25.735714285714288
Angola,2026-03,26.326666666666664
Angola,2026-04,25.720000000000002
Angola,2026-05,24.38064516129032
Angola,2026-06,21.953333333333333
Angola,2026-07,19.75
Antigua and Barbuda,2024-05,29.41176470588235
Antigua and Barbuda,2024-06,29.92758620689655
Antigua and Barbuda,2024-07,28.675
Antigua and Barbuda,2024-08,28.774193548387096
Antigua and Barbuda,2024-09,27.709999999999997
Antigua and Barbuda,2024-10,27.72258064516129
Antigua and Barbuda,2024-11,26.389655172413793
Antigua and Barbuda,2024-12,25.606451612903225
Antigua and Barbuda,2025-01,24.436666666666667
Antigua and Barbuda,2025-02,24.67142857142857
Antigua and Barbuda,2025-03,24.506451612903227
Antigua and Barbuda,2025-04,24.946666666666665
Antigua and Barbuda,2025-05,26.129032258064516
Antigua and Barbuda,2025-06,26.8
Antigua and Barbuda,2025-07,26.81935483870968
Antigua and Barbuda,2025-08,27.62258064516129
Antigua and Barbuda,2025-09,27.02
Antigua and Barbuda,2025-10,26.719354838709677
Antigua and Barbuda,2025-11,26.026666666666664
Antigua and Barbuda,2025-12,25.038709677419355
Antigua and Barbuda,2026-01,24.456666666666667
Antigua and Barbuda,2026-02,24.196428571428573
Antigua and Barbuda,2026-03,24.396666666666665
Antigua and Barbuda,2026-04,24.796666666666667
Antigua and Barbuda,2026-05,26.04516129032258
Antigua and Barbuda,2026-06,26.61
Antigua and Barbuda,2026-07,27.25
Argentina,2024-05,11.235294117647058
Argentina,2024-06,13.55
Argentina,2024-07,6.796428571428572
Argentina,2024-08,9.764516129032257
Argentina,2024-09,12.383333333333333
Argentina,2024-10,14.780645161290321
Argentina,2024-11,17.709999999999997
Argentina,2024-12,17.838709677419356
Argentina,2025-01,21.716666666666665
Argentina,2025-02,21.567857142857143
Argentina,2025-03,18.551612903225806
Argentina,2025-04,13.693333333333333
Argentina,2025-05,13.296774193548387
Argentina,2025-06,7.88
Argentina,2025-07,8.98709677419355
Argentina,2025-08,10.277419354838708
Argentina,2025-09,11.093333333333334
Argentina,2025-10,14.990322580645161
Argentina,2025-11,15.816666666666666
Argentina,2025-12,20.01290322580645
Argentina,2026-01,20.959999999999997
Argentina,2026-02,21.142857142857142
Argentina,2026-03,19.833333333333332
Argentina,2026-04,15.753333333333334
Argentina,2026-05,10.36774193548387
Argentina,2026-06,9.523333333333333
Argentina,2026-07,9.1
Armenia,2024-05,22.823529411764707
Armenia,2024-06,31.30666666666667
Armenia,2024-07,31.858620689655172
Armenia,2024-08,34.13225806451613
Armenia,2024-09,27.65666666666667
Armenia,2024-10,18.35483870967742
Armenia,2024-11,10.886666666666667
Armenia,2024-12,4.696774193548387
Armenia,2025-01,3.3548387096774195
Armenia,2025-02,3.6392857142857156
Armenia,2025-03,14.51290322580645
Armenia,2025-04,17.06
Armenia,2025-05,23.58709677419355
Armenia,2025-06,27.43
Armenia,2025-07,31.129032258064516
Armenia,2025-08,31.019354838709678
Armenia,2025-09,23.583333333333332
Armenia,2025-10,16.938709677419357
Armenia,2025-11,8.52
Armenia,2025-12,2.0870967741935496
Armenia,2026-01,-1.0866666666666622
Armenia,2026-02,4.285714285714286
Armenia,2026-03,5.016666666666667
Armenia,2026-04,11.306666666666667
Armenia,2026-05,16.76774193548387
Armenia,2026-06,22.19333333333333
Armenia,2026-07,25.255000000000003
Australia,2024-05,3.8666666666666667
Australia,2024-06,4.0531250000000005
Australia,2024-07,4.403448275862069
Australia,2024-08,7.738709677419355
Australia,2024-09,10.606666666666666
Australia,2024-10,11.23225806451613
Australia,2024-11,17.373333333333335
Australia,2024-12,17.074193548387097
Australia,2025-01,18.970967741935485
Australia,2025-02,20.724999999999998
Australia,2025-03,19.861290322580647
Australia,2025-04,16.113333333333333
Australia,2025-05,11.029032258064515
Australia,2025-06,5.676666666666667
Australia,2025-07,7.951612903225806
Australia,2025-08,10.183870967741935
Australia,2025-09,14.233333333333333
Australia,2025-10,18.451612903225808
Australia,2025-11,21.45
Australia,2025-12,26.01290322580645
Australia,2026-01,28.470000000000002
Australia,2026-02,26.732142857142858
Australia,2026-03,23.833333333333332
Australia,2026-04,20.38
Australia,2026-05,16.04193548387097
Australia,2026-06,13.403225806451612
Australia,2026-07,12.875
Austria,2024-05,20.647058823529413
Austria,2024-06,24.936666666666667
Austria,2024-07,28.482142857142858
Austria,2024-08,29.43548387096774
Austria,2024-09,20.09333333333333
Austria,2024-10,13.583870967741934
Austria,2024-11,5.87
Austria,2024-12,4.377419354838709
Austria,2025-01,3.4387096774193555
Austria,2025-02,2.642857142857143
Austria,2025-03,9.125806451612902
Austria,2025-04,13.806666666666667
Austria,2025-05,14.906451612903227
Austria,2025-06,22.98
Austria,2025-07,22.529032258064515
Austria,2025-08,21.4741935483871
Austria,2025-09,16.77
Austria,2025-10,10.187096774193549
Austria,2025-11,4.090000000000001
Austria,2025-12,1.7838709677419362
Austria,2026-01,-0.35999999999999693
Austria,2026-02,2.2142857142857153
Austria,2026-03,5.129032258064516
Austria,2026-04,9.49
Austria,2026-05,14.729999999999999
Austria,2026-06,19.89333333333333
Austria,2026-07,21.07
Azerbaijan,2024-05,20.88235294117647
Azerbaijan,2024-06,28.766666666666666
Azerbaijan,2024-07,30.5
Azerbaijan,2024-08,30.61935483870968
Azerbaijan,2024-09,26.855172413793102
Azerbaijan,2024-10,19.04516129032258
Azerbaijan,2024-11,13.28
Azerbaijan,2024-12,9.48709677419355
Azerbaijan,2025-01,9.3
Azerbaijan,2025-02,5.121428571428572
Azerbaijan,2025-03,13.061290322580646
Azerbaijan,2025-04,17.003333333333334
Azerbaijan,2025-05,23.048387096774192
Azerbaijan,2025-06,26.543333333333333
Azerbaijan,2025-07,31.383870967741935
Azerbaijan,2025-08,31.69677419354839
Azerbaijan,2025-09,24.37666666666667
Azerbaijan,2025-10,20.46451612903226
Azerbaijan,2025-11,16.323333333333334
Azerbaijan,2025-12,9.925806451612903
Azerbaijan,2026-01,6.546666666666667
Azerbaijan,2026-02,7.314285714285714
Azerbaijan,2026-03,10.04
Azerbaijan,2026-04,13.533333333333333
Azerbaijan,2026-05,20.032258064516128
Azerbaijan,2026-06,25.426666666666666
Azerbaijan,2026-07,28.425
Bahamas,2024-05,28.764705882352942
Bahamas,2024-06,28.548275862068966
Bahamas,2024-07,29.0
Bahamas,2024-08,28.42258064516129
Bahamas,2024-09,27.62
Bahamas,2024-10,26.803333333333335
Bahamas,2024-11,24.555172413793105
Bahamas,2024-12,22.64516129032258
Bahamas,2025-01,20.19
Bahamas,2025-02,20.900000000000002
Bahamas,2025-03,20.08709677419355
Bahamas,2025-04,23.026666666666664
Bahamas,2025-05,25.266666666666666
Bahamas,2025-06,27.003333333333334
Bahamas,2025-07,27.03548387096774
Bahamas,2025-08,27.90967741935484
Bahamas,2025-09,26.683333333333334
Bahamas,2025-10,25.94516129032258
Bahamas,2025-11,22.833333333333332
Bahamas,2025-12,22.45483870967742
Bahamas,2026-01,21.016666666666666
Bahamas,2026-02,18.12142857142857
Bahamas,2026-03,22.580645161290324
Bahamas,2026-04,23.13
Bahamas,2026-05,25.94516129032258
Bahamas,2026-06,27.375862068965517
Bahamas,2026-07,28.51
Bahrain,2024-05,34.411764705882355
Bahrain,2024-06,36.983333333333334
Bahrain,2024-07,37.88965517241379
Bahrain,2024-08,36.94193548387097
Bahrain,2024-09,37.18
Bahrain,2024-10,31.067741935483873
Bahrain,2024-11,27.14
Bahrain,2024-12,21.283870967741933
Bahrain,2025-01,20.125806451612902
Bahrain,2025-02,19.853571428571428
Bahrain,2025-03,24.06451612903226
Bahrain,2025-04,31.94
Bahrain,2025-05,36.099999999999994
Bahrain,2025-06,37.75
Bahrain,2025-07,38.97096774193548
Bahrain,2025-08,39.141935483870974
Bahrain,2025-09,36.593333333333334
Bahrain,2025-10,31.52258064516129
Bahrain,2025-11,26.396666666666665
Bahrain,2025-12,22.370967741935484
Bahrain,2026-01,18.206666666666667
Bahrain,2026-02,22.3
Bahrain,2026-03,20.886666666666667
Bahrain,2026-04,23.876666666666665
Bahrain,2026-05,28.438709677419357
Bahrain,2026-06,32.336666666666666
Bahrain,2026-07,33.675
Bangladesh,2024-05,31.605882352941173
Bangladesh,2024-06,30.12
Bangladesh,2024-07,30.185714285714287
Bangladesh,2024-08,28.961290322580645
Bangladesh,2024-09,31.196666666666665
Bangladesh,2024-10,31.151612903225807
Bangladesh,2024-11,29.983333333333334
Bangladesh,2024-12,26.451612903225808
Bangladesh,2025-01,26.94193548387097
Bangladesh,2025-02,30.34642857142857
Bangladesh,2025-03,35.74516129032258
Bangladesh,2025-04,37.36
Bangladesh,2025-05,34.858064516129026
Bangladesh,2025-06,33.217241379310344
Bangladesh,2025-07,31.55806451612903
Bangladesh,2025-08,31.80322580645161
Bangladesh,2025-09,32.82666666666667
Bangladesh,2025-10,32.24193548387097
Bangladesh,2025-11,29.123333333333335
Bangladesh,2025-12,26.125806451612902
Bangladesh,2026-01,25.836666666666666
Bangladesh,2026-02,28.739285714285717
Bangladesh,2026-03,31.75161290322581
Bangladesh,2026-04,35.15
Bangladesh,2026-05,34.63870967741936
Bangladesh,2026-06,34.71333333333334
Bangladesh,2026-07,30.825
Barbados,2024-05,29.58823529411765
Barbados,2024-06,29.403333333333332
Barbados,2024-07,28.727586206896554
Barbados,2024-08,28.716129032258067
Barbados,2024-09,28.326666666666664
Barbados,2024-10,27.83225806451613
Barbados,2024-11,27.74137931034483
Barbados,2024-12,26.138709677419353
Barbados,2025-01,25.626666666666665
Barbados,2025-02,25.49285714285714
Barbados,2025-03,25.887096774193548
Barbados,2025-04,25.966666666666665
Barbados,2025-05,27.151612903225807
Barbados,2025-06,27.113333333333333
Barbados,2025-07,27.183870967741935
Barbados,2025-08,27.726666666666667
Barbados,2025-09,27.923333333333336
Barbados,2025-10,27.351612903225806
Barbados,2025-11,27.066666666666666
Barbados,2025-12,25.958064516129035
Barbados,2026-01,25.823333333333334
Barbados,2026-02,25.835714285714285
Barbados,2026-03,25.251612903225805
Barbados,2026-04,25.783333333333335
Barbados,2026-05,26.538709677419355
Barbados,2026-06,26.85
Barbados,2026-07,27.119999999999997
Belarus,2024-05,22.470588235294116
Belarus,2024-06,22.153333333333332
Belarus,2024-07,24.29310344827586
Belarus,2024-08,24.664516129032258
Belarus,2024-09,22.42
Belarus,2024-10,10.54516129032258
Belarus,2024-11,3.276666666666667
Belarus,2024-12,1.0258064516129042
Belarus,2025-01,1.5451612903225815
Belarus,2025-02,-0.8285714285714244
Belarus,2025-03,7.212903225806452
Belarus,2025-04,11.22
Belarus,2025-05,12.438709677419354
Belarus,2025-06,17.913333333333334
Belarus,2025-07,21.403225806451612
Belarus,2025-08,19.14516129032258
Belarus,2025-09,15.436666666666667
Belarus,2025-10,6.848387096774194
Belarus,2025-11,2.626666666666667
Belarus,2025-12,0.870967741935486
Belarus,2026-01,-1.5699999999999945
Belarus,2026-02,-1.246428571428567
Belarus,2026-03,3.1655172413793107
Belarus,2026-04,5.510000000000001
Belarus,2026-05,13.329032258064515
Belarus,2026-06,17.31
Belarus,2026-07,17.215
Belgium,2024-05,16.294117647058822
Belgium,2024-06,18.598275862068967
Belgium,2024-07,21.582456140350878
Belgium,2024-08,23.437096774193545
Belgium,2024-09,18.236666666666668
Belgium,2024-10,13.430645161290323
Belgium,2024-11,8.026666666666667
Belgium,2024-12,6.361290322580645
Belgium,2025-01,3.9919354838709675
Belgium,2025-02,4.878571428571428
Belgium,2025-03,8.637096774193548
Belgium,2025-04,12.453333333333335
Belgium,2025-05,15.288709677419355
Belgium,2025-06,19.861666666666668
Belgium,2025-07,20.453225806451613
Belgium,2025-08,19.0
Belgium,2025-09,14.347916666666668
Belgium,2025-10,11.052727272727273
Belgium,2025-11,7.811111111111111
Belgium,2025-12,5.5166666666666675
Belgium,2026-01,2.782608695652175
Belgium,2026-02,6.174418604651163
Belgium,2026-03,5.4734693877551015
Belgium,2026-04,7.90204081632653
Belgium,2026-05,12.651724137931033
Belgium,2026-06,16.867241379310343
Belgium,2026-07,17.0375
Belize,2024-05,30.352941176470587
Belize,2024-06,27.683333333333334
Belize,2024-07,25.768965517241377
Belize,2024-08,23.79032258064516
Belize,2024-09,24.32
Belize,2024-10,22.426666666666666
Belize,2024-11,20.97241379310345
Belize,2024-12,19.748387096774195
Belize,2025-01,19.55666666666667
Belize,2025-02,20.525000000000002
Belize,2025-03,20.70967741935484
Belize,2025-04,21.233333333333334
Belize,2025-05,23.65666666666667
Belize,2025-06,23.33
Belize,2025-07,22.825806451612905
Belize,2025-08,23.003225806451614
Belize,2025-09,23.10666666666667
Belize,2025-10,22.31935483870968
Belize,2025-11,20.60666666666667
Belize,2025-12,20.383870967741935
Belize,2026-01,18.813793103448276
Belize,2026-02,17.257142857142856
Belize,2026-03,19.41
Belize,2026-04,20.720000000000002
Belize,2026-05,23.200000000000003
Belize,2026-06,23.39333333333333
Belize,2026-07,22.595
Benin,2024-05,30.864705882352943
Benin,2024-06,29.709999999999997
Benin,2024-07,28.114285714285717
Benin,2024-08,28.135483870967743
Benin,2024-09,28.42
Benin,2024-10,28.093548387096774
Benin,2024-11,28.81
Benin,2024-12,31.39032258064516
Benin,2025-01,30.916129032258063
Benin,2025-02,30.682142857142857
Benin,2025-03,31.20967741935484
Benin,2025-04,29.733333333333334
Benin,2025-05,29.293548387096774
Benin,2025-06,27.326666666666664
Benin,2025-07,26.135483870967743
Benin,2025-08,25.387096774193548
Benin,2025-09,25.756666666666668
Benin,2025-10,26.503225806451614
Benin,2025-11,26.883333333333333
Benin,2025-12,27.258064516129032
Benin,2026-01,26.85
Benin,2026-02,27.335714285714285
Benin,2026-03,28.063333333333333
Benin,2026-04,27.69333333333333
Benin,2026-05,26.94516129032258
Benin,2026-06,25.8
Benin,2026-07,24.755000000000003
Bhutan,2024-05,11.905882352941177
Bhutan,2024-06,12.803333333333335
Bhutan,2024-07,15.146428571428572
Bhutan,2024-08,14.580645161290322
Bhutan,2024-09,15.2
Bhutan,2024-10,14.558064516129033
Bhutan,2024-11,11.093333333333334
Bhutan,2024-12,6.1
Bhutan,2025-01,8.119354838709677
Bhutan,2025-02,5.878571428571428
Bhutan,2025-03,11.887096774193548
Bhutan,2025-04,14.22
Bhutan,2025-05,15.154838709677419
Bhutan,2025-06,18.886666666666667
Bhutan,2025-07,20.0
Bhutan,2025-08,18.338709677419356
Bhutan,2025-09,18.716666666666665
Bhutan,2025-10,15.5
Bhutan,2025-11,12.926666666666668
Bhutan,2025-12,12.04516129032258
Bhutan,2026-01,10.226666666666667
Bhutan,2026-02,11.02962962962963
Bhutan,2026-03,10.906666666666666
Bhutan,2026-04,13.45
Bhutan,2026-05,15.093548387096773
Bhutan,2026-06,18.926666666666666
Bhutan,2026-07,18.235
Bolivia,2024-05,20.052941176470586
Bolivia,2024-06,21.42542372881356
Bolivia,2024-07,15.539285714285715
Bolivia,2024-08,17.067741935483873
Bolivia,2024-09,18.85666666666667
Bolivia,2024-10,18.315
Bolivia,2024-11,17.939655172413794
Bolivia,2024-12,17.770967741935483
Bolivia,2025-01,17.138333333333332
Bolivia,2025-02,17.125
Bolivia,2025-03,17.0
Bolivia,2025-04,16.529999999999998
Bolivia,2025-05,16.125806451612902
Bolivia,2025-06,14.606666666666666
Bolivia,2025-07,13.611290322580645
Bolivia,2025-08,14.887096774193548
Bolivia,2025-09,17.611666666666668
Bolivia,2025-10,17.23548387096774
Bolivia,2025-11,17.723333333333336
Bolivia,2025-12,17.916129032258063
Bolivia,2026-01,17.55
Bolivia,2026-02,17.994545454545452
Bolivia,2026-03,17.920338983050847
Bolivia,2026-04,17.478333333333335
Bolivia,2026-05,15.669354838709678
Bolivia,2026-06,15.445762711864406
Bolivia,2026-07,16.165
Bosnia and Herzegovina,2024-05,22.470588235294116
Bosnia and Herzegovina,2024-06,27.326666666666664
Bosnia and Herzegovina,2024-07,29.524137931034485
Bosnia and Herzegovina,2024-08,30.425806451612903
Bosnia and Herzegovina,2024-09,20.59333333333333
Bosnia and Herzegovina,2024-10,17.0258064516129
Bosnia and Herzegovina,2024-11,7.13
Bosnia and Herzegovina,2024-12,4.041935483870968
Bosnia and Herzegovina,2025-01,4.5354838709677425
Bosnia and Herzegovina,2025-02,3.6642857142857146
Bosnia and Herzegovina,2025-03,9.23225806451613
Bosnia and Herzegovina,2025-04,12.713333333333333
Bosnia and Herzegovina,2025-05,15.938709677419356
Bosnia and Herzegovina,2025-06,23.009999999999998
Bosnia and Herzegovina,2025-07,23.080645161290324
Bosnia and Herzegovina,2025-08,19.69677419354839
Bosnia and Herzegovina,2025-09,16.083333333333332
Bosnia and Herzegovina,2025-10,8.66451612903226
Bosnia and Herzegovina,2025-11,3.8166666666666673
Bosnia and Herzegovina,2025-12,0.9580645161290333
Bosnia and Herzegovina,2026-01,0.5100000000000027
Bosnia and Herzegovina,2026-02,2.3928571428571432
Bosnia and Herzegovina,2026-03,2.5733333333333333
Bosnia and Herzegovina,2026-04,7.5600000000000005
Bosnia and Herzegovina,2026-05,11.609677419354838
Bosnia and Herzegovina,2026-06,16.856666666666666
Bosnia and Herzegovina,2026-07,17.445
Botswana,2024-05,25.98235294117647
Botswana,2024-06,22.153333333333332
Botswana,2024-07,24.582758620689653
Botswana,2024-08,26.967741935483872
Botswana,2024-09,27.813333333333333
Botswana,2024-10,27.406451612903226
Botswana,2024-11,29.013333333333332
Botswana,2024-12,31.809677419354838
Botswana,2025-01,29.393548387096775
Botswana,2025-02,27.900000000000002
Botswana,2025-03,26.16774193548387
Botswana,2025-04,21.96333333333333
Botswana,2025-05,17.725806451612904
Botswana,2025-06,14.226666666666667
Botswana,2025-07,15.251612903225807
Botswana,2025-08,17.396774193548385
Botswana,2025-09,21.296666666666667
Botswana,2025-10,22.387096774193548
Botswana,2025-11,21.740000000000002
Botswana,2025-12,22.35483870967742
Botswana,2026-01,22.98
Botswana,2026-02,22.142857142857142
Botswana,2026-03,19.926666666666666
Botswana,2026-04,17.446666666666665
Botswana,2026-05,11.27741935483871
Botswana,2026-06,8.223333333333333
Botswana,2026-07,3.8894736842105266
Brazil,2024-05,28.276470588235295
Brazil,2024-06,29.413333333333334
Brazil,2024-07,28.348275862068967
Brazil,2024-08,28.5258064516129
Brazil,2024-09,27.71333333333333
Brazil,2024-10,24.709999999999997
Brazil,2024-11,24.944827586206895
Brazil,2024-12,23.57741935483871
Brazil,2025-01,22.53793103448276
Brazil,2025-02,22.535714285714285
Brazil,2025-03,22.5
Brazil,2025-04,22.776666666666664
Brazil,2025-05,22.648387096774194
Brazil,2025-06,22.436666666666667
Brazil,2025-07,22.338709677419356
Brazil,2025-08,22.674193548387095
Brazil,2025-09,23.733333333333334
Brazil,2025-10,23.641935483870967
Brazil,2025-11,24.276666666666664
Brazil,2025-12,23.225806451612904
Brazil,2026-01,22.816666666666666
Brazil,2026-02,22.54642857142857
Brazil,2026-03,22.96333333333333
Brazil,2026-04,22.78666666666667
Brazil,2026-05,22.796774193548387
Brazil,2026-06,22.803333333333335
Brazil,2026-07,23.45
Brunei Darussalam,2024-05,27.88235294117647
Brunei Darussalam,2024-06,26.75862068965517
Brunei Darussalam,2024-07,27.372413793103448
Brunei Darussalam,2024-08,26.864516129032257
Brunei Darussalam,2024-09,29.10666666666667
Brunei Darussalam,2024-10,28.809677419354838
Brunei Darussalam,2024-11,29.459999999999997
Brunei Darussalam,2024-12,27.75483870967742
Brunei Darussalam,2025-01,27.980645161290322
Brunei Darussalam,2025-02,27.875
Brunei Darussalam,2025-03,28.951612903225808
Brunei Darussalam,2025-04,30.073333333333334
Brunei Darussalam,2025-05,30.93548387096774
Brunei Darussalam,2025-06,31.33
Brunei Darussalam,2025-07,31.603225806451615
Brunei Darussalam,2025-08,30.30322580645161
Brunei Darussalam,2025-09,30.660000000000004
Brunei Darussalam,2025-10,30.44516129032258
Brunei Darussalam,2025-11,30.009999999999998
Brunei Darussalam,2025-12,29.893548387096775
Brunei Darussalam,2026-01,28.743333333333332
Brunei Darussalam,2026-02,29.70357142857143
Brunei Darussalam,2026-03,30.679310344827588
Brunei Darussalam,2026-04,31.956666666666667
Brunei Darussalam,2026-05,31.306451612903224
Brunei Darussalam,2026-06,31.783333333333335
Brunei Darussalam,2026-07,32.105000000000004
Bulgaria,2024-05,20.404
Bulgaria,2024-06,29.664102564102567
Bulgaria,2024-07,33.65
Bulgaria,2024-08,32.49032258064516
Bulgaria,2024-09,24.246666666666666
Bulgaria,2024-10,17.90806451612903
Bulgaria,2024-11,7.076666666666667
Bulgaria,2024-12,5.038709677419354
Bulgaria,2025-01,5.620967741935484
Bulgaria,2025-02,2.5339285714285724
Bulgaria,2025-03,12.432258064516128
Bulgaria,2025-04,13.95
Bulgaria,2025-05,17.7758064516129
Bulgaria,2025-06,26.123333333333335
Bulgaria,2025-07,29.30483870967742
Bulgaria,2025-08,25.591666666666665
Bulgaria,2025-09,20.983720930232558
Bulgaria,2025-10,10.876344086021506
Bulgaria,2025-11,7.9911111111111115
Bulgaria,2025-12,2.645054945054946
Bulgaria,2026-01,0.9379746835443059
Bulgaria,2026-02,1.4320512820512836
Bulgaria,2026-03,4.660810810810811
Bulgaria,2026-04,9.698461538461538
Bulgaria,2026-05,14.327419354838709
Bulgaria,2026-06,19.909230769230767
Bulgaria,2026-07,22.308000000000003
Burkina Faso,2024-05,37.57058823529412
Burkina Faso,2024-06,35.61333333333334
Burkina Faso,2024-07,31.139285714285712
Burkina Faso,2024-08,29.103225806451615
Burkina Faso,2024-09,29.23
Burkina Faso,2024-10,29.44193548387097
Burkina Faso,2024-11,27.416666666666668
Burkina Faso,2024-12,28.38064516129032
Burkina Faso,2025-01,28.17096774193548
Burkina Faso,2025-02,29.482142857142858
Burkina Faso,2025-03,33.400000000000006
Burkina Faso,2025-04,32.52
Burkina Faso,2025-05,30.593548387096774
Burkina Faso,2025-06,28.6
Burkina Faso,2025-07,26.34193548387097
Burkina Faso,2025-08,24.529032258064515
Burkina Faso,2025-09,24.62
Burkina Faso,2025-10,25.393548387096775
Burkina Faso,2025-11,22.93
Burkina Faso,2025-12,22.029032258064515
Burkina Faso,2026-01,20.063333333333333
Burkina Faso,2026-02,22.214285714285715
Burkina Faso,2026-03,26.780645161290323
Burkina Faso,2026-04,27.376666666666665
Burkina Faso,2026-05,29.0
Burkina Faso,2026-06,27.013333333333332
Burkina Faso,2026-07,26.74
Burundi,2024-05,26.735294117647058
Burundi,2024-06,27.46333333333333
Burundi,2024-07,27.57586206896552
Burundi,2024-08,28.041935483870965
Burundi,2024-09,30.103333333333335
Burundi,2024-10,27.816129032258065
Burundi,2024-11,25.81
Burundi,2024-12,26.11935483870968
Burundi,2025-01,26.716129032258067
Burundi,2025-02,28.032142857142855
Burundi,2025-03,26.190322580645162
Burundi,2025-04,26.003333333333334
Burundi,2025-05,24.26451612903226
Burundi,2025-06,25.19
Burundi,2025-07,23.516129032258064
Burundi,2025-08,25.283870967741933
Burundi,2025-09,26.813333333333333
Burundi,2025-10,26.845161290322583
Burundi,2025-11,25.39
Burundi,2025-12,23.92258064516129
Burundi,2026-01,23.706666666666667
Burundi,2026-02,22.532142857142855
Burundi,2026-03,22.187096774193545
Burundi,2026-04,23.14333333333333
Burundi,2026-05,23.219354838709677
Burundi,2026-06,22.416666666666668
Burundi,2026-07,21.535
Bélgica,2024-07,17.4
Cambodia,2024-05,30.58823529411765
Cambodia,2024-06,29.35
Cambodia,2024-07,27.693103448275863
Cambodia,2024-08,29.812903225806455
Cambodia,2024-09,29.523333333333333
Cambodia,2024-10,30.787096774193547
Cambodia,2024-11,31.82
Cambodia,2024-12,29.080645161290324
Cambodia,2025-01,30.486666666666668
Cambodia,2025-02,33.17857142857143
Cambodia,2025-03,34.78387096774193
Cambodia,2025-04,34.486666666666665
Cambodia,2025-05,33.11612903225806
Cambodia,2025-06,32.20666666666667
Cambodia,2025-07,32.20322580645161
Cambodia,2025-08,32.2
Cambodia,2025-09,30.80666666666667
Cambodia,2025-10,31.938709677419357
Cambodia,2025-11,28.90666666666667
Cambodia,2025-12,30.641935483870967
Cambodia,2026-01,31.103333333333335
Cambodia,2026-02,33.42142857142857
Cambodia,2026-03,35.29
Cambodia,2026-04,38.233333333333334
Cambodia,2026-05,35.81290322580645
Cambodia,2026-06,35.28
Cambodia,2026-07,32.22
Cameroon,2024-05,29.394117647058824
Cameroon,2024-06,24.00357142857143
Cameroon,2024-07,24.486206896551725
Cameroon,2024-08,22.651612903225807
Cameroon,2024-09,23.846666666666668
Cameroon,2024-10,23.76774193548387
Cameroon,2024-11,25.596666666666668
Cameroon,2024-12,27.993548387096773
Cameroon,2025-01,28.1
Cameroon,2025-02,29.517857142857142
Cameroon,2025-03,30.35483870967742
Cameroon,2025-04,27.740000000000002
Cameroon,2025-05,24.845161290322583
Cameroon,2025-06,23.016666666666666
Cameroon,2025-07,21.41290322580645
Cameroon,2025-08,22.016129032258064
Cameroon,2025-09,25.12
Cameroon,2025-10,25.419354838709676
Cameroon,2025-11,26.163333333333334
Cameroon,2025-12,26.048387096774192
Cameroon,2026-01,25.913333333333334
Cameroon,2026-02,24.935714285714287
Cameroon,2026-03,25.29032258064516
Cameroon,2026-04,25.163333333333334
Cameroon,2026-05,25.406451612903226
Cameroon,2026-06,21.38
Cameroon,2026-07,19.93
Canada,2024-05,17.41176470588235
Canada,2024-06,19.173333333333336
Canada,2024-07,19.87241379310345
Canada,2024-08,16.990322580645163
Canada,2024-09,13.283333333333333
Canada,2024-10,7.29
Canada,2024-11,2.5413793103448286
Canada,2024-12,-0.7451612903225766
Canada,2025-01,-1.4099999999999946
Canada,2025-02,-1.4357142857142804
Canada,2025-03,-0.2838709677419318
Canada,2025-04,2.7366666666666672
Canada,2025-05,9.635483870967741
Canada,2025-06,15.216666666666667
Canada,2025-07,18.429032258064513
Canada,2025-08,15.893548387096773
Canada,2025-09,12.353333333333333
Canada,2025-10,7.6
Canada,2025-11,0.42000000000000265
Canada,2025-12,-1.2645161290322529
Canada,2026-01,-1.166666666666662
Canada,2026-02,-1.5392857142857088
Canada,2026-03,-0.06451612903225451
Canada,2026-04,4.420000000000001
Canada,2026-05,9.435483870967742
Canada,2026-06,16.073333333333334
Canada,2026-07,19.369999999999997
Cape Verde,2024-05,27.294117647058822
Cape Verde,2024-06,27.476666666666667
Cape Verde,2024-07,27.179310344827588
Cape Verde,2024-08,28.338709677419356
Cape Verde,2024-09,28.126666666666665
Cape Verde,2024-10,26.458064516129035
Cape Verde,2024-11,24.310000000000002
Cape Verde,2024-12,24.783870967741933
Cape Verde,2025-01,23.070967741935487
Cape Verde,2025-02,21.392857142857142
Cape Verde,2025-03,20.719354838709677
Cape Verde,2025-04,22.296666666666667
Cape Verde,2025-05,23.051612903225806
Cape Verde,2025-06,23.34333333333333
Cape Verde,2025-07,24.509677419354837
Cape Verde,2025-08,25.13225806451613
Cape Verde,2025-09,25.736666666666668
Cape Verde,2025-10,25.177419354838708
Cape Verde,2025-11,23.959999999999997
Cape Verde,2025-12,21.548387096774192
Cape Verde,2026-01,20.666666666666668
Cape Verde,2026-02,20.360714285714288
Cape Verde,2026-03,19.77
Cape Verde,2026-04,21.173333333333336
Cape Verde,2026-05,22.46129032258065
Cape Verde,2026-06,22.993333333333332
Cape Verde,2026-07,24.384999999999998
Central African Republic,2024-05,32.62352941176471
Central African Republic,2024-06,32.2
Central African Republic,2024-07,31.50714285714286
Central African Republic,2024-08,30.729032258064517
Central African Republic,2024-09,29.623333333333335
Central African Republic,2024-10,27.006451612903227
Central African Republic,2024-11,28.81
Central African Republic,2024-12,35.08709677419355
Central African Republic,2025-01,33.067741935483866
Central African Republic,2025-02,31.785714285714285
Central African Republic,2025-03,30.970967741935485
Central African Republic,2025-04,28.683333333333334
Central African Republic,2025-05,27.76451612903226
Central African Republic,2025-06,27.02
Central African Republic,2025-07,25.338709677419356
Central African Republic,2025-08,25.238709677419354
Central African Republic,2025-09,25.476666666666667
Central African Republic,2025-10,24.635483870967743
Central African Republic,2025-11,25.03666666666667
Central African Republic,2025-12,23.883870967741935
Central African Republic,2026-01,24.063333333333333
Central African Republic,2026-02,23.464285714285715
Central African Republic,2026-03,23.813333333333333
Central African Republic,2026-04,24.846666666666668
Central African Republic,2026-05,24.161290322580644
Central African Republic,2026-06,23.31
Central African Republic,2026-07,23.509999999999998
Chad,2024-05,41.63529411764706
Chad,2024-06,37.78666666666666
Chad,2024-07,31.655172413793103
Chad,2024-08,28.87741935483871
Chad,2024-09,30.08
Chad,2024-10,31.43548387096774
Chad,2024-11,28.293333333333333
Chad,2024-12,28.280645161290323
Chad,2025-01,29.519354838709678
Chad,2025-02,31.075
Chad,2025-03,35.34193548387096
Chad,2025-04,36.236666666666665
Chad,2025-05,35.251612903225805
Chad,2025-06,32.1
Chad,2025-07,27.56451612903226
Chad,2025-08,26.112903225806452
Chad,2025-09,27.15
Chad,2025-10,28.258064516129032
Chad,2025-11,25.723333333333336
Chad,2025-12,21.16774193548387
Chad,2026-01,20.41
Chad,2026-02,20.707142857142856
Chad,2026-03,23.57741935483871
Chad,2026-04,29.586666666666666
Chad,2026-05,30.58709677419355
Chad,2026-06,28.38
Chad,2026-07,25.76
Chile,2024-05,6.882352941176471
Chile,2024-06,7.8133333333333335
Chile,2024-07,4.23448275862069
Chile,2024-08,5.583870967741936
Chile,2024-09,7.716666666666667
Chile,2024-10,10.893333333333334
Chile,2024-11,12.817241379310344
Chile,2024-12,17.94516129032258
Chile,2025-01,16.19
Chile,2025-02,15.742857142857144
Chile,2025-03,13.66451612903226
Chile,2025-04,10.333333333333334
Chile,2025-05,8.625806451612902
Chile,2025-06,4.536666666666666
Chile,2025-07,5.490322580645161
Chile,2025-08,6.919354838709677
Chile,2025-09,8.436666666666666
Chile,2025-10,11.493548387096775
Chile,2025-11,13.113333333333333
Chile,2025-12,16.24838709677419
Chile,2026-01,17.706666666666667
Chile,2026-02,17.54285714285714
Chile,2026-03,15.996666666666666
Chile,2026-04,12.926666666666668
Chile,2026-05,8.370967741935484
Chile,2026-06,6.786666666666666
Chile,2026-07,7.709999999999999
China,2024-05,21.705882352941178
China,2024-06,27.386206896551727
China,2024-07,27.389655172413796
China,2024-08,26.706451612903226
China,2024-09,22.066666666666666
China,2024-10,18.06451612903226
China,2024-11,11.786666666666667
China,2024-12,2.335483870967742
China,2025-01,1.1935483870967758
China,2025-02,4.046428571428573
China,2025-03,14.683870967741935
China,2025-04,22.083333333333332
China,2025-05,25.693548387096776
China,2025-06,31.779999999999998
China,2025-07,31.861290322580647
China,2025-08,30.164516129032258
China,2025-09,27.706666666666667
China,2025-10,16.929032258064513
China,2025-11,13.2
China,2025-12,4.703225806451614
China,2026-01,3.0733333333333337
China,2026-02,9.117857142857144
China,2026-03,13.941379310344828
China,2026-04,21.313333333333333
China,2026-05,26.361290322580647
China,2026-06,28.636666666666667
China,2026-07,31.725
Colombia,2024-06,13.5
Colombia,2026-06,14.3
Comoros,2024-05,25.8
Comoros,2024-06,25.43103448275862
Comoros,2024-07,25.364285714285717
Comoros,2024-08,25.09032258064516
Comoros,2024-09,25.136666666666667
Comoros,2024-10,26.4
Comoros,2024-11,26.373333333333335
Comoros,2024-12,26.44516129032258
Comoros,2025-01,26.58709677419355
Comoros,2025-02,27.589285714285715
Comoros,2025-03,27.9
Comoros,2025-04,27.863333333333333
Comoros,2025-05,27.661290322580644
Comoros,2025-06,26.5
Comoros,2025-07,25.251612903225805
Comoros,2025-08,25.1
Comoros,2025-09,25.563333333333333
Comoros,2025-10,25.806451612903224
Comoros,2025-11,25.736666666666668
Comoros,2025-12,25.60967741935484
Comoros,2026-01,26.636666666666667
Comoros,2026-02,29.085714285714285
Comoros,2026-03,29.14
Comoros,2026-04,30.273333333333333
Comoros,2026-05,28.874193548387098
Comoros,2026-06,26.579310344827583
Comoros,2026-07,25.635
Congo,2024-05,31.68823529411765
Congo,2024-06,31.75172413793103
Congo,2024-07,30.620689655172413
Congo,2024-08,31.89032258064516
Congo,2024-09,28.716666666666665
Congo,2024-10,28.06451612903226
Congo,2024-11,27.113333333333333
Congo,2024-12,29.270967741935483
Congo,2025-01,28.335483870967742
Congo,2025-02,27.582142857142856
Congo,2025-03,27.641935483870967
Congo,2025-04,26.970000000000002
Congo,2025-05,25.97741935483871
Congo,2025-06,25.220000000000002
Congo,2025-07,22.6
Congo,2025-08,21.903225806451612
Congo,2025-09,24.273333333333333
Congo,2025-10,25.070967741935487
Congo,2025-11,24.436666666666667
Congo,2025-12,24.532258064516128
Congo,2026-01,24.086666666666666
Congo,2026-02,23.82857142857143
Congo,2026-03,23.975862068965515
Congo,2026-04,24.256666666666668
Congo,2026-05,24.574193548387097
Congo,2026-06,23.451724137931034
Congo,2026-07,21.91
Costa Rica,2024-05,23.705882352941178
Costa Rica,2024-06,22.024137931034485
Costa Rica,2024-07,19.02857142857143
Costa Rica,2024-08,18.448387096774194
Costa Rica,2024-09,20.873333333333335
Costa Rica,2024-10,15.623333333333333
Costa Rica,2024-11,15.058620689655172
Costa Rica,2024-12,13.62258064516129
Costa Rica,2025-01,18.886666666666667
Costa Rica,2025-02,21.035714285714285
Costa Rica,2025-03,20.638709677419357
Costa Rica,2025-04,21.346666666666668
Costa Rica,2025-05,21.396666666666665
Costa Rica,2025-06,20.733333333333334
Costa Rica,2025-07,21.66774193548387
Costa Rica,2025-08,21.05806451612903
Costa Rica,2025-09,20.45
Costa Rica,2025-10,19.951612903225808
Costa Rica,2025-11,21.186666666666667
Costa Rica,2025-12,20.725806451612904
Costa Rica,2026-01,20.613793103448273
Costa Rica,2026-02,20.571428571428573
Costa Rica,2026-03,14.786666666666667
Costa Rica,2026-04,14.966666666666667
Costa Rica,2026-05,16.67096774193548
Costa Rica,2026-06,16.375862068965517
Costa Rica,2026-07,18.03
Cote d'Ivoire,2025-08,22.436363636363637
Cote d'Ivoire,2025-09,22.78666666666667
Cote d'Ivoire,2025-10,23.14516129032258
Cote d'Ivoire,2025-11,22.633333333333333
Cote d'Ivoire,2025-12,22.80322580645161
Cote d'Ivoire,2026-01,22.57
Cote d'Ivoire,2026-02,22.978571428571428
Cote d'Ivoire,2026-03,23.46333333333333
Cote d'Ivoire,2026-04,23.553333333333335
Cote d'Ivoire,2026-05,23.509677419354837
Cote d'Ivoire,2026-06,21.92413793103448
Cote d'Ivoire,2026-07,21.165
Croatia,2024-05,22.058823529411764
Croatia,2024-06,26.96896551724138
Croatia,2024-07,31.289285714285715
Croatia,2024-08,32.274193548387096
Croatia,2024-09,21.783333333333335
Croatia,2024-10,15.922580645161291
Croatia,2024-11,7.403333333333333
Croatia,2024-12,4.429032258064517
Croatia,2025-01,5.448387096774193
Croatia,2025-02,3.935714285714286
Croatia,2025-03,10.438709677419356
Croatia,2025-04,15.26
Croatia,2025-05,17.506451612903227
Croatia,2025-06,25.723333333333336
Croatia,2025-07,24.561290322580643
Croatia,2025-08,22.89032258064516
Croatia,2025-09,18.123333333333335
Croatia,2025-10,9.832258064516129
Croatia,2025-11,4.286666666666667
Croatia,2025-12,1.4516129032258072
Croatia,2026-01,0.9300000000000022
Croatia,2026-02,2.8678571428571433
Croatia,2026-03,4.244827586206896
Croatia,2026-04,9.54
Croatia,2026-05,15.087096774193547
Croatia,2026-06,19.3
Croatia,2026-07,20.419999999999998
Cuba,2024-05,28.823529411764707
Cuba,2024-06,27.73
Cuba,2024-07,26.882758620689657
Cuba,2024-08,25.683870967741935
Cuba,2024-09,24.773333333333333
Cuba,2024-10,25.366666666666667
Cuba,2024-11,23.586206896551722
Cuba,2024-12,21.958064516129035
Cuba,2025-01,18.55666666666667
Cuba,2025-02,19.42142857142857
Cuba,2025-03,18.758064516129032
Cuba,2025-04,20.273333333333333
Cuba,2025-05,23.58
Cuba,2025-06,23.88
Cuba,2025-07,24.35483870967742
Cuba,2025-08,24.225806451612904
Cuba,2025-09,24.046666666666667
Cuba,2025-10,23.174193548387095
Cuba,2025-11,20.973333333333336
Cuba,2025-12,20.26451612903226
Cuba,2026-01,17.96333333333333
Cuba,2026-02,16.84642857142857
Cuba,2026-03,20.85666666666667
Cuba,2026-04,21.743333333333332
Cuba,2026-05,24.716129032258067
Cuba,2026-06,25.243333333333332
Cuba,2026-07,25.435
Cyprus,2024-05,27.058823529411764
Cyprus,2024-06,36.31666666666667
Cyprus,2024-07,36.089285714285715
Cyprus,2024-08,35.53225806451613
Cyprus,2024-09,32.31666666666667
Cyprus,2024-10,26.47741935483871
Cyprus,2024-11,20.366666666666667
Cyprus,2024-12,17.135483870967743
Cyprus,2025-01,17.574193548387097
Cyprus,2025-02,13.864285714285714
Cyprus,2025-03,21.364516129032257
Cyprus,2025-04,22.15666666666667
Cyprus,2025-05,27.419354838709676
Cyprus,2025-06,32.61333333333333
Cyprus,2025-07,34.49677419354839
Cyprus,2025-08,33.39032258064516
Cyprus,2025-09,29.873333333333335
Cyprus,2025-10,24.596774193548388
Cyprus,2025-11,21.543333333333333
Cyprus,2025-12,14.399999999999999
Cyprus,2026-01,11.656666666666666
Cyprus,2026-02,13.157142857142857
Cyprus,2026-03,13.980645161290322
Cyprus,2026-04,18.17
Cyprus,2026-05,21.787096774193547
Cyprus,2026-06,26.453333333333333
Cyprus,2026-07,27.905
Czech Republic,2024-05,18.88235294117647
Czech Republic,2024-06,22.986206896551725
Czech Republic,2024-07,25.044444444444448
Czech Republic,2024-08,25.94516129032258
Czech Republic,2024-09,19.066666666666666
Czech Republic,2024-10,12.490322580645161
Czech Republic,2024-11,5.113333333333333
Czech Republic,2024-12,3.5161290322580645
Czech Republic,2025-01,2.325806451612904
Czech Republic,2025-02,1.285714285714287
Czech Republic,2025-03,7.061290322580645
Czech Republic,2025-04,12.143333333333334
Czech Republic,2025-05,13.94516129032258
Czech Republic,2025-06,20.14
Czech Republic,2025-07,20.54516129032258
Czech Republic,2025-08,19.4
Czech Republic,2025-09,14.58
Czech Republic,2025-10,8.425806451612903
Czech Republic,2025-11,2.810000000000001
Czech Republic,2025-12,1.6548387096774204
Czech Republic,2026-01,-0.5966666666666638
Czech Republic,2026-02,1.271428571428573
Czech Republic,2026-03,2.5258064516129037
Czech Republic,2026-04,6.7266666666666675
Czech Republic,2026-05,12.887096774193548
Czech Republic,2026-06,17.743333333333332
Czech Republic,2026-07,17.505000000000003
Democratic Republic of Congo,2024-05,31.664705882352937
Democratic Republic of Congo,2024-06,31.46206896551724
Democratic Republic of Congo,2024-07,30.74285714285714
Democratic Republic of Congo,2024-08,31.916129032258063
Democratic Republic of Congo,2024-09,28.716666666666665
Democratic Republic of Congo,2024-10,27.86774193548387
Democratic Republic of Congo,2024-11,26.9
Democratic Republic of Congo,2024-12,29.032258064516128
Democratic Republic of Congo,2025-01,27.719354838709677
Democratic Republic of Congo,2025-02,27.788888888888888
Democratic Republic of Congo,2025-03,27.75161290322581
Democratic Republic of Congo,2025-04,26.91
Democratic Republic of Congo,2025-05,25.97741935483871
Democratic Republic of Congo,2025-06,24.990000000000002
Democratic Republic of Congo,2025-07,22.787096774193547
Democratic Republic of Congo,2025-08,21.932258064516127
Democratic Republic of Congo,2025-09,24.273333333333333
Democratic Republic of Congo,2025-10,25.067741935483873
Democratic Republic of Congo,2025-11,24.353333333333335
Democratic Republic of Congo,2025-12,24.538709677419355
Democratic Republic of Congo,2026-01,24.18
Democratic Republic of Congo,2026-02,23.803571428571427
Democratic Republic of Congo,2026-03,23.700000000000003
Democratic Republic of Congo,2026-04,24.006666666666668
Democratic Republic of Congo,2026-05,24.241935483870968
Democratic Republic of Congo,2026-06,22.96206896551724
Democratic Republic of Congo,2026-07,21.185
Denmark,2024-05,18.58823529411765
Denmark,2024-06,18.417241379310347
Denmark,2024-07,19.282758620689656
Denmark,2024-08,20.983870967741936
Denmark,2024-09,18.563333333333333
Denmark,2024-10,12.341935483870968
Denmark,2024-11,7.0600000000000005
Denmark,2024-12,5.741935483870968
Denmark,2025-01,3.541935483870968
Denmark,2025-02,2.4250000000000007
Denmark,2025-03,6.748387096774193
Denmark,2025-04,10.770000000000001
Denmark,2025-05,13.138709677419355
Denmark,2025-06,17.146666666666665
Denmark,2025-07,19.69677419354839
Denmark,2025-08,18.316129032258065
Denmark,2025-09,16.26
Denmark,2025-10,10.506451612903225
Denmark,2025-11,6.1433333333333335
Denmark,2025-12,5.306451612903226
Denmark,2026-01,0.1400000000000019
Denmark,2026-02,-0.04285714285714004
Denmark,2026-03,3.7766666666666664
Denmark,2026-04,6.0233333333333325
Denmark,2026-05,10.738709677419354
Denmark,2026-06,15.393333333333334
Denmark,2026-07,16.36
Djibouti,2024-05,34.38235294117647
Djibouti,2024-06,36.22758620689655
Djibouti,2024-07,37.80357142857143
Djibouti,2024-08,35.86129032258064
Djibouti,2024-09,36.18
Djibouti,2024-10,32.483870967741936
Djibouti,2024-11,29.57
Djibouti,2024-12,27.951612903225808
Djibouti,2025-01,26.677419354838708
Djibouti,2025-02,27.482142857142858
Djibouti,2025-03,28.641935483870967
Djibouti,2025-04,30.77
Djibouti,2025-05,33.02258064516129
Djibouti,2025-06,36.28666666666666
Djibouti,2025-07,39.987096774193546
Djibouti,2025-08,35.541935483870965
Djibouti,2025-09,34.016666666666666
Djibouti,2025-10,30.90967741935484
Djibouti,2025-11,27.696666666666665
Djibouti,2025-12,25.606451612903225
Djibouti,2026-01,24.98
Djibouti,2026-02,24.857142857142858
Djibouti,2026-03,26.576666666666664
Djibouti,2026-04,28.80666666666667
Djibouti,2026-05,31.258064516129032
Djibouti,2026-06,33.23103448275862
Djibouti,2026-07,33.32
Dominica,2024-05,30.352941176470587
Dominica,2024-06,30.013333333333332
Dominica,2024-07,28.710714285714285
Dominica,2024-08,28.216129032258067
Dominica,2024-09,27.216666666666665
Dominica,2024-10,27.799999999999997
Dominica,2024-11,27.2551724137931
Dominica,2024-12,25.05483870967742
Dominica,2025-01,24.603333333333335
Dominica,2025-02,24.775000000000002
Dominica,2025-03,25.312903225806455
Dominica,2025-04,25.483333333333334
Dominica,2025-05,26.338709677419356
Dominica,2025-06,26.476666666666667
Dominica,2025-07,26.751612903225805
Dominica,2025-08,27.312903225806455
Dominica,2025-09,27.56
Dominica,2025-10,27.416129032258063
Dominica,2025-11,26.373333333333335
Dominica,2025-12,25.37741935483871
Dominica,2026-01,25.103333333333335
Dominica,2026-02,24.985714285714288
Dominica,2026-03,24.82758620689655
Dominica,2026-04,25.196666666666665
Dominica,2026-05,26.112903225806452
Dominica,2026-06,26.44
Dominica,2026-07,26.645
Dominican Republic,2024-05,27.823529411764707
Dominican Republic,2024-06,28.836666666666666
Dominican Republic,2024-07,26.814285714285713
Dominican Republic,2024-08,26.345161290322583
Dominican Republic,2024-09,25.323333333333334
Dominican Republic,2024-10,25.37
Dominican Republic,2024-11,23.513793103448275
Dominican Republic,2024-12,22.612903225806452
Dominican Republic,2025-01,21.53666666666667
Dominican Republic,2025-02,21.432142857142857
Dominican Republic,2025-03,21.84193548387097
Dominican Republic,2025-04,22.546666666666667
Dominican Republic,2025-05,23.351612903225806
Dominican Republic,2025-06,23.970000000000002
Dominican Republic,2025-07,24.270967741935483
Dominican Republic,2025-08,25.08709677419355
Dominican Republic,2025-09,25.14333333333333
Dominican Republic,2025-10,24.65806451612903
Dominican Republic,2025-11,23.476666666666667
Dominican Republic,2025-12,22.393548387096775
Dominican Republic,2026-01,21.813333333333333
Dominican Republic,2026-02,21.75
Dominican Republic,2026-03,21.887096774193548
Dominican Republic,2026-04,22.983333333333334
Dominican Republic,2026-05,24.106451612903225
Dominican Republic,2026-06,25.176666666666666
Dominican Republic,2026-07,25.54
Ecuador,2024-05,15.229411764705882
Ecuador,2024-06,13.266666666666667
Ecuador,2024-07,10.703448275862069
Ecuador,2024-08,9.574193548387097
Ecuador,2024-09,10.35
Ecuador,2024-10,10.76
Ecuador,2024-11,10.386206896551723
Ecuador,2024-12,10.316129032258065
Ecuador,2025-01,9.843333333333334
Ecuador,2025-02,10.235714285714286
Ecuador,2025-03,9.873333333333333
Ecuador,2025-04,10.013333333333332
Ecuador,2025-05,9.896666666666667
Ecuador,2025-06,9.346666666666666
Ecuador,2025-07,9.041935483870969
Ecuador,2025-08,9.264516129032257
Ecuador,2025-09,10.146666666666667
Ecuador,2025-10,10.351612903225806
Ecuador,2025-11,10.626666666666667
Ecuador,2025-12,10.790322580645162
Ecuador,2026-01,10.886666666666667
Ecuador,2026-02,11.203571428571427
Ecuador,2026-03,11.57
Ecuador,2026-04,10.683333333333334
Ecuador,2026-05,10.03225806451613
Ecuador,2026-06,9.293333333333333
Ecuador,2026-07,9.76
Egypt,2024-05,33.588235294117645
Egypt,2024-06,37.84666666666667
Egypt,2024-07,37.5
Egypt,2024-08,36.806451612903224
Egypt,2024-09,32.70666666666667
Egypt,2024-10,27.903225806451612
Egypt,2024-11,22.006666666666668
Egypt,2024-12,19.596774193548388
Egypt,2025-01,19.35483870967742
Egypt,2025-02,16.87857142857143
Egypt,2025-03,22.812903225806455
Egypt,2025-04,24.17
Egypt,2025-05,28.43548387096774
Egypt,2025-06,29.103333333333335
Egypt,2025-07,32.44193548387097
Egypt,2025-08,31.03548387096774
Egypt,2025-09,27.683333333333334
Egypt,2025-10,25.032258064516128
Egypt,2025-11,21.990000000000002
Egypt,2025-12,16.164516129032258
Egypt,2026-01,14.729999999999999
Egypt,2026-02,17.232142857142858
Egypt,2026-03,15.996551724137932
Egypt,2026-04,19.763333333333332
Egypt,2026-05,23.241935483870968
Egypt,2026-06,26.08
Egypt,2026-07,26.99
El Salvador,2024-05,26.764705882352942
El Salvador,2024-06,24.127586206896552
El Salvador,2024-07,23.039285714285715
El Salvador,2024-08,21.187096774193545
El Salvador,2024-09,23.57
El Salvador,2024-10,20.916666666666668
El Salvador,2024-11,19.93448275862069
El Salvador,2024-12,19.274193548387096
El Salvador,2025-01,23.52
El Salvador,2025-02,24.428571428571427
El Salvador,2025-03,25.038709677419355
El Salvador,2025-04,25.876666666666665
El Salvador,2025-05,25.913333333333334
El Salvador,2025-06,24.09
El Salvador,2025-07,24.370967741935484
El Salvador,2025-08,24.812903225806455
El Salvador,2025-09,24.983333333333334
El Salvador,2025-10,24.393548387096775
El Salvador,2025-11,24.759999999999998
El Salvador,2025-12,24.641935483870967
El Salvador,2026-01,23.73448275862069
El Salvador,2026-02,23.86785714285714
El Salvador,2026-03,21.823333333333334
El Salvador,2026-04,22.636666666666667
El Salvador,2026-05,23.138709677419353
El Salvador,2026-06,22.09
El Salvador,2026-07,22.14
Equatorial Guinea,2024-05,30.076470588235296
Equatorial Guinea,2024-06,28.746666666666666
Equatorial Guinea,2024-07,26.486206896551725
Equatorial Guinea,2024-08,25.251612903225805
Equatorial Guinea,2024-09,26.883333333333333
Equatorial Guinea,2024-10,25.74516129032258
Equatorial Guinea,2024-11,27.403333333333332
Equatorial Guinea,2024-12,27.822580645161292
Equatorial Guinea,2025-01,28.687096774193545
Equatorial Guinea,2025-02,31.0
Equatorial Guinea,2025-03,29.361290322580647
Equatorial Guinea,2025-04,29.136666666666667
Equatorial Guinea,2025-05,28.703225806451613
Equatorial Guinea,2025-06,27.563333333333333
Equatorial Guinea,2025-07,25.938709677419357
Equatorial Guinea,2025-08,25.870967741935484
Equatorial Guinea,2025-09,25.466666666666665
Equatorial Guinea,2025-10,25.490322580645163
Equatorial Guinea,2025-11,26.173333333333336
Equatorial Guinea,2025-12,25.97741935483871
Equatorial Guinea,2026-01,25.46333333333333
Equatorial Guinea,2026-02,25.125
Equatorial Guinea,2026-03,25.593548387096774
Equatorial Guinea,2026-04,25.69
Equatorial Guinea,2026-05,25.516129032258064
Equatorial Guinea,2026-06,24.863333333333333
Equatorial Guinea,2026-07,24.585
Eritrea,2024-05,23.341176470588238
Eritrea,2024-06,25.8
Eritrea,2024-07,22.63103448275862
Eritrea,2024-08,20.312903225806455
Eritrea,2024-09,23.816666666666666
Eritrea,2024-10,22.12258064516129
Eritrea,2024-11,19.736666666666668
Eritrea,2024-12,17.700000000000003
Eritrea,2025-01,18.306451612903224
Eritrea,2025-02,19.482142857142858
Eritrea,2025-03,21.229032258064517
Eritrea,2025-04,22.90666666666667
Eritrea,2025-05,23.970967741935485
Eritrea,2025-06,25.64333333333333
Eritrea,2025-07,22.629032258064516
Eritrea,2025-08,20.95483870967742
Eritrea,2025-09,23.17
Eritrea,2025-10,20.85483870967742
Eritrea,2025-11,20.966666666666665
Eritrea,2025-12,19.990322580645163
Eritrea,2026-01,17.513333333333332
Eritrea,2026-02,16.210714285714285
Eritrea,2026-03,17.42258064516129
Eritrea,2026-04,19.453333333333333
Eritrea,2026-05,21.79032258064516
Eritrea,2026-06,23.403333333333332
Eritrea,2026-07,22.555
Estonia,2024-05,21.529411764705884
Estonia,2024-06,19.366666666666667
Estonia,2024-07,20.785714285714285
Estonia,2024-08,20.80322580645161
Estonia,2024-09,18.720000000000002
Estonia,2024-10,10.567741935483872
Estonia,2024-11,5.040000000000001
Estonia,2024-12,2.161290322580646
Estonia,2025-01,1.529032258064517
Estonia,2025-02,-0.45357142857142574
Estonia,2025-03,4.609677419354839
Estonia,2025-04,7.666666666666667
Estonia,2025-05,11.380645161290323
Estonia,2025-06,15.996666666666666
Estonia,2025-07,21.780645161290323
Estonia,2025-08,17.22258064516129
Estonia,2025-09,14.943333333333333
Estonia,2025-10,7.109677419354839
Estonia,2025-11,4.283333333333334
Estonia,2025-12,3.0161290322580654
Estonia,2026-01,-1.5999999999999943
Estonia,2026-02,-1.3285714285714234
Estonia,2026-03,2.310344827586207
Estonia,2026-04,4.636666666666667
Estonia,2026-05,11.167741935483871
Estonia,2026-06,15.99
Estonia,2026-07,17.18
Estonie,2024-07,23.3
Ethiopia,2024-05,24.41764705882353
Ethiopia,2024-06,22.26206896551724
Ethiopia,2024-07,19.42142857142857
Ethiopia,2024-08,18.5258064516129
Ethiopia,2024-09,20.57
Ethiopia,2024-10,19.661290322580644
Ethiopia,2024-11,19.526666666666664
Ethiopia,2024-12,21.403225806451612
Ethiopia,2025-01,21.20967741935484
Ethiopia,2025-02,23.042857142857144
Ethiopia,2025-03,22.174193548387095
Ethiopia,2025-04,23.0
Ethiopia,2025-05,21.838709677419356
Ethiopia,2025-06,20.596666666666668
Ethiopia,2025-07,17.94516129032258
Ethiopia,2025-08,16.64516129032258
Ethiopia,2025-09,18.029999999999998
Ethiopia,2025-10,18.896774193548385
Ethiopia,2025-11,18.183333333333334
Ethiopia,2025-12,17.032258064516128
Ethiopia,2026-01,16.163333333333334
Ethiopia,2026-02,17.382142857142856
Ethiopia,2026-03,16.932258064516127
Ethiopia,2026-04,18.216666666666665
Ethiopia,2026-05,18.883870967741935
Ethiopia,2026-06,17.916666666666668
Ethiopia,2026-07,15.444999999999999
Fiji Islands,2024-05,24.0
Fiji Islands,2024-06,22.573333333333334
Fiji Islands,2024-07,22.63448275862069
Fiji Islands,2024-08,21.625806451612902
Fiji Islands,2024-09,22.74516129032258
Fiji Islands,2024-10,23.725806451612904
Fiji Islands,2024-11,24.833333333333332
Fiji Islands,2024-12,25.306451612903224
Fiji Islands,2025-01,25.493548387096773
Fiji Islands,2025-02,26.092857142857145
Fiji Islands,2025-03,25.73225806451613
Fiji Islands,2025-04,25.723333333333336
Fiji Islands,2025-05,24.870967741935484
Fiji Islands,2025-06,23.75
Fiji Islands,2025-07,23.041935483870965
Fiji Islands,2025-08,23.519354838709678
Fiji Islands,2025-09,23.116666666666667
Fiji Islands,2025-10,24.5258064516129
Fiji Islands,2025-11,25.37
Fiji Islands,2025-12,26.438709677419357
Fiji Islands,2026-01,27.703333333333333
Fiji Islands,2026-02,27.82857142857143
Fiji Islands,2026-03,28.23225806451613
Fiji Islands,2026-04,27.306666666666665
Fiji Islands,2026-05,24.712903225806453
Fiji Islands,2026-06,23.836666666666666
Fiji Islands,2026-07,22.878947368421052
Finland,2024-05,22.764705882352942
Finland,2024-06,20.45
Finland,2024-07,21.158620689655173
Finland,2024-08,21.125806451612902
Finland,2024-09,17.64
Finland,2024-10,10.025806451612903
Finland,2024-11,4.096666666666667
Finland,2024-12,1.2774193548387107
Finland,2025-01,0.8225806451612921
Finland,2025-02,-0.41428571428571165
Finland,2025-03,4.216129032258065
Finland,2025-04,7.676666666666667
Finland,2025-05,12.141935483870967
Finland,2025-06,16.09
Finland,2025-07,22.73548387096774
Finland,2025-08,17.093548387096774
Finland,2025-09,14.353333333333333
Finland,2025-10,7.232258064516128
Finland,2025-11,4.126666666666668
Finland,2025-12,2.5161290322580654
Finland,2026-01,-1.543333333333328
Finland,2026-02,-1.364285714285709
Finland,2026-03,1.8966666666666672
Finland,2026-04,4.78
Finland,2026-05,11.745161290322581
Finland,2026-06,15.976666666666667
Finland,2026-07,16.79
France,2024-05,17.423529411764704
France,2024-06,21.113333333333333
France,2024-07,24.268965517241377
France,2024-08,25.80322580645161
France,2024-09,18.116666666666667
France,2024-10,14.003225806451614
France,2024-11,8.963333333333333
France,2024-12,6.548387096774194
France,2025-01,4.6
France,2025-02,5.514285714285714
France,2025-03,9.348387096774195
France,2025-04,13.853333333333333
France,2025-05,16.493333333333332
France,2025-06,21.403333333333332
France,2025-07,21.070967741935487
France,2025-08,19.825806451612905
France,2025-09,14.806666666666667
France,2025-10,11.345161290322581
France,2025-11,7.9366666666666665
France,2025-12,6.316129032258065
France,2026-01,4.3500000000000005
France,2026-02,7.353571428571429
France,2026-03,6.3133333333333335
France,2026-04,9.04
France,2026-05,14.112903225806452
France,2026-06,18.46333333333333
France,2026-07,19.755000000000003
Gabon,2024-05,29.823529411764707
Gabon,2024-06,28.113793103448273
Gabon,2024-07,27.017241379310345
Gabon,2024-08,27.203225806451613
Gabon,2024-09,27.83
Gabon,2024-10,26.12258064516129
Gabon,2024-11,26.816666666666666
Gabon,2024-12,28.98709677419355
Gabon,2025-01,28.929032258064513
Gabon,2025-02,29.3
Gabon,2025-03,29.23548387096774
Gabon,2025-04,28.69
Gabon,2025-05,27.296774193548387
Gabon,2025-06,26.57
Gabon,2025-07,24.483870967741936
Gabon,2025-08,23.97741935483871
Gabon,2025-09,24.84333333333333
Gabon,2025-10,25.74516129032258
Gabon,2025-11,25.95
Gabon,2025-12,26.177419354838708
Gabon,2026-01,26.053333333333335
Gabon,2026-02,25.157142857142855
Gabon,2026-03,25.61
Gabon,2026-04,25.59333333333333
Gabon,2026-05,24.89032258064516
Gabon,2026-06,23.6
Gabon,2026-07,22.19
Gambia,2024-05,32.8235294117647
Gambia,2024-06,31.53103448275862
Gambia,2024-07,29.0
Gambia,2024-08,28.261290322580646
Gambia,2024-09,27.553333333333335
Gambia,2024-10,27.338709677419356
Gambia,2024-11,25.959999999999997
Gambia,2024-12,25.154838709677417
Gambia,2025-01,23.84193548387097
Gambia,2025-02,22.707142857142856
Gambia,2025-03,22.683870967741935
Gambia,2025-04,23.666666666666668
Gambia,2025-05,24.26451612903226
Gambia,2025-06,26.003333333333334
Gambia,2025-07,25.9
Gambia,2025-08,25.070967741935487
Gambia,2025-09,24.456666666666667
Gambia,2025-10,25.05806451612903
Gambia,2025-11,24.34333333333333
Gambia,2025-12,20.59032258064516
Gambia,2026-01,20.383333333333333
Gambia,2026-02,20.82857142857143
Gambia,2026-03,20.648275862068964
Gambia,2026-04,21.19333333333333
Gambia,2026-05,22.280645161290323
Gambia,2026-06,25.00344827586207
Gambia,2026-07,25.82
Georgia,2024-05,20.176470588235293
Georgia,2024-06,28.54137931034483
Georgia,2024-07,30.075
Georgia,2024-08,31.458064516129035
Georgia,2024-09,25.490000000000002
Georgia,2024-10,17.629032258064516
Georgia,2024-11,11.156666666666666
Georgia,2024-12,6.935483870967742
Georgia,2025-01,8.706451612903225
Georgia,2025-02,6.060714285714285
Georgia,2025-03,14.983870967741936
Georgia,2025-04,16.113333333333333
Georgia,2025-05,21.738709677419354
Georgia,2025-06,25.456666666666667
Georgia,2025-07,29.503225806451614
Georgia,2025-08,29.716129032258067
Georgia,2025-09,21.323333333333334
Georgia,2025-10,17.05483870967742
Georgia,2025-11,12.073333333333332
Georgia,2025-12,5.409677419354838
Georgia,2026-01,3.2600000000000002
Georgia,2026-02,6.460714285714286
Georgia,2026-03,8.179310344827586
Georgia,2026-04,11.47
Georgia,2026-05,17.161290322580644
Georgia,2026-06,21.803333333333335
Georgia,2026-07,23.880000000000003
Germany,2024-05,22.294117647058822
Germany,2024-06,22.483333333333334
Germany,2024-07,24.217241379310344
Germany,2024-08,26.10967741935484
Germany,2024-09,21.146666666666665
Germany,2024-10,13.248387096774193
Germany,2024-11,5.989999999999999
Germany,2024-12,4.883870967741935
Germany,2025-01,3.835483870967742
Germany,2025-02,2.660714285714286
Germany,2025-03,8.067741935483872
Germany,2025-04,13.483333333333333
Germany,2025-05,15.261290322580646
Germany,2025-06,21.246666666666666
Germany,2025-07,20.932258064516127
Germany,2025-08,19.174193548387095
Germany,2025-09,15.416666666666666
Germany,2025-10,9.45483870967742
Germany,2025-11,4.450000000000001
Germany,2025-12,2.8129032258064526
Germany,2026-01,-0.45666666666666367
Germany,2026-02,1.0892857142857166
Germany,2026-03,3.6300000000000003
Germany,2026-04,6.656666666666666
Germany,2026-05,13.212903225806452
Germany,2026-06,18.5
Germany,2026-07,17.275
Ghana,2024-05,30.358823529411765
Ghana,2024-06,29.02
Ghana,2024-07,27.055172413793105
Ghana,2024-08,26.651612903225807
Ghana,2024-09,28.1
Ghana,2024-10,27.238709677419354
Ghana,2024-11,28.323333333333334
Ghana,2024-12,30.203225806451613
Ghana,2025-01,30.096774193548388
Ghana,2025-02,30.025000000000002
Ghana,2025-03,29.219354838709677
Ghana,2025-04,28.663333333333334
Ghana,2025-05,28.19677419354839
Ghana,2025-06,26.646666666666665
Ghana,2025-07,25.006451612903227
Ghana,2025-08,24.041935483870965
Ghana,2025-09,24.94333333333333
Ghana,2025-10,25.44516129032258
Ghana,2025-11,25.83
Ghana,2025-12,25.825806451612905
Ghana,2026-01,26.39333333333333
Ghana,2026-02,27.057142857142857
Ghana,2026-03,26.893548387096775
Ghana,2026-04,26.543333333333333
Ghana,2026-05,26.13225806451613
Ghana,2026-06,24.903333333333332
Ghana,2026-07,25.0
Greece,2024-05,24.705882352941178
Greece,2024-06,34.02068965517241
Greece,2024-07,34.91428571428572
Greece,2024-08,34.141935483870974
Greece,2024-09,29.716666666666665
Greece,2024-10,24.177419354838708
Greece,2024-11,17.15666666666667
Greece,2024-12,14.764516129032257
Greece,2025-01,15.14516129032258
Greece,2025-02,11.674999999999999
Greece,2025-03,17.490322580645163
Greece,2025-04,18.220000000000002
Greece,2025-05,24.316129032258065
Greece,2025-06,31.46206896551724
Greece,2025-07,34.61
Greece,2025-08,30.074193548387097
Greece,2025-09,26.936666666666667
Greece,2025-10,20.26774193548387
Greece,2025-11,17.753333333333334
Greece,2025-12,11.54516129032258
Greece,2026-01,9.796666666666665
Greece,2026-02,10.657142857142857
Greece,2026-03,11.573333333333332
Greece,2026-04,16.613333333333333
Greece,2026-05,20.438709677419357
Greece,2026-06,26.333333333333332
Greece,2026-07,28.685000000000002
Grenada,2024-05,30.099999999999998
Grenada,2024-06,29.75
Grenada,2024-07,28.420689655172417
Grenada,2024-08,28.580645161290324
Grenada,2024-09,28.826666666666664
Grenada,2024-10,27.654838709677417
Grenada,2024-11,27.417241379310347
Grenada,2024-12,25.9
Grenada,2025-01,25.583333333333332
Grenada,2025-02,25.52857142857143
Grenada,2025-03,25.896774193548385
Grenada,2025-04,26.386666666666667
Grenada,2025-05,27.251612903225805
Grenada,2025-06,26.896666666666665
Grenada,2025-07,26.761290322580646
Grenada,2025-08,28.029032258064515
Grenada,2025-09,27.64
Grenada,2025-10,27.961290322580645
Grenada,2025-11,26.853333333333335
Grenada,2025-12,25.700000000000003
Grenada,2026-01,25.763333333333332
Grenada,2026-02,26.107142857142858
Grenada,2026-03,25.54137931034483
Grenada,2026-04,26.40666666666667
Grenada,2026-05,27.154838709677417
Grenada,2026-06,27.048275862068966
Grenada,2026-07,27.475
Guatemala,2024-05,21.529411764705884
Guatemala,2024-06,19.448275862068964
Guatemala,2024-07,17.392857142857142
Guatemala,2024-08,17.161290322580644
Guatemala,2024-09,17.90666666666667
Guatemala,2024-10,16.326666666666668
Guatemala,2024-11,16.317241379310346
Guatemala,2024-12,15.106451612903227
Guatemala,2025-01,15.31
Guatemala,2025-02,16.342857142857145
Guatemala,2025-03,17.241935483870968
Guatemala,2025-04,17.073333333333334
Guatemala,2025-05,19.13
Guatemala,2025-06,17.936666666666667
Guatemala,2025-07,17.980645161290322
Guatemala,2025-08,17.87741935483871
Guatemala,2025-09,18.273333333333333
Guatemala,2025-10,17.364516129032257
Guatemala,2025-11,16.67
Guatemala,2025-12,16.63225806451613
Guatemala,2026-01,14.76551724137931
Guatemala,2026-02,14.060714285714285
Guatemala,2026-03,16.89
Guatemala,2026-04,18.223333333333336
Guatemala,2026-05,19.72258064516129
Guatemala,2026-06,18.93
Guatemala,2026-07,19.165
Guinea,2024-05,30.529411764705884
Guinea,2024-06,29.196666666666665
Guinea,2024-07,26.186206896551724
Guinea,2024-08,25.98709677419355
Guinea,2024-09,26.293333333333333
Guinea,2024-10,26.10967741935484
Guinea,2024-11,26.766666666666666
Guinea,2024-12,26.193548387096776
Guinea,2025-01,26.741935483870968
Guinea,2025-02,27.207142857142856
Guinea,2025-03,26.970967741935485
Guinea,2025-04,27.033333333333335
Guinea,2025-05,26.967741935483872
Guinea,2025-06,26.126666666666665
Guinea,2025-07,24.929032258064513
Guinea,2025-08,24.91290322580645
Guinea,2025-09,24.7448275862069
Guinea,2025-10,25.345161290322583
Guinea,2025-11,25.59333333333333
Guinea,2025-12,25.97741935483871
Guinea,2026-01,25.543333333333333
Guinea,2026-02,25.457142857142856
Guinea,2026-03,24.576666666666664
Guinea,2026-04,24.009999999999998
Guinea,2026-05,25.074193548387097
Guinea,2026-06,25.576666666666664
Guinea,2026-07,24.880000000000003
Guinea-Bissau,2024-05,34.35294117647059
Guinea-Bissau,2024-06,31.990000000000002
Guinea-Bissau,2024-07,28.882758620689657
Guinea-Bissau,2024-08,28.200000000000003
Guinea-Bissau,2024-09,27.736666666666668
Guinea-Bissau,2024-10,26.76451612903226
Guinea-Bissau,2024-11,25.623333333333335
Guinea-Bissau,2024-12,26.083870967741937
Guinea-Bissau,2025-01,24.638709677419357
Guinea-Bissau,2025-02,24.11785714285714
Guinea-Bissau,2025-03,23.770967741935483
Guinea-Bissau,2025-04,25.386666666666667
Guinea-Bissau,2025-05,25.519354838709678
Guinea-Bissau,2025-06,26.386666666666667
Guinea-Bissau,2025-07,25.280645161290323
Guinea-Bissau,2025-08,25.141935483870967
Guinea-Bissau,2025-09,24.63
Guinea-Bissau,2025-10,24.990322580645163
Guinea-Bissau,2025-11,24.136666666666667
Guinea-Bissau,2025-12,20.335483870967742
Guinea-Bissau,2026-01,20.153333333333332
Guinea-Bissau,2026-02,20.767857142857142
Guinea-Bissau,2026-03,22.43103448275862
Guinea-Bissau,2026-04,22.96333333333333
Guinea-Bissau,2026-05,24.567741935483873
Guinea-Bissau,2026-06,26.073333333333334
Guinea-Bissau,2026-07,25.9
Guyana,2024-05,28.11764705882353
Guyana,2024-06,27.67
Guyana,2024-07,26.637931034482758
Guyana,2024-08,26.94193548387097
Guyana,2024-09,26.02
Guyana,2024-10,25.2
Guyana,2024-11,24.896551724137932
Guyana,2024-12,23.648387096774194
Guyana,2025-01,22.506666666666668
Guyana,2025-02,23.192857142857143
Guyana,2025-03,23.461290322580645
Guyana,2025-04,24.563333333333333
Guyana,2025-05,24.358064516129033
Guyana,2025-06,24.186666666666667
Guyana,2025-07,23.693548387096776
Guyana,2025-08,24.26451612903226
Guyana,2025-09,24.313333333333333
Guyana,2025-10,23.970967741935485
Guyana,2025-11,24.28666666666667
Guyana,2025-12,23.83225806451613
Guyana,2026-01,23.85
Guyana,2026-02,23.446428571428573
Guyana,2026-03,23.95862068965517
Guyana,2026-04,24.52
Guyana,2026-05,24.80322580645161
Guyana,2026-06,24.78666666666667
Guyana,2026-07,25.175
Haiti,2024-05,28.823529411764707
Haiti,2024-06,30.086666666666666
Haiti,2024-07,28.36551724137931
Haiti,2024-08,28.070967741935487
Haiti,2024-09,25.096666666666668
Haiti,2024-10,21.34333333333333
Haiti,2024-11,20.52758620689655
Haiti,2024-12,19.183870967741935
Haiti,2025-01,17.773333333333333
Haiti,2025-02,17.053571428571427
Haiti,2025-03,18.751612903225805
Haiti,2025-04,19.603333333333335
Haiti,2025-05,20.60666666666667
Haiti,2025-06,20.61
Haiti,2025-07,20.04516129032258
Haiti,2025-08,21.04516129032258
Haiti,2025-09,21.646666666666665
Haiti,2025-10,21.87741935483871
Haiti,2025-11,19.166666666666668
Haiti,2025-12,18.780645161290323
Haiti,2026-01,18.636666666666667
Haiti,2026-02,19.042857142857144
Haiti,2026-03,19.519354838709678
Haiti,2026-04,20.486666666666668
Haiti,2026-05,20.261290322580646
Haiti,2026-06,21.13
Haiti,2026-07,21.494999999999997
Honduras,2024-05,24.58823529411765
Honduras,2024-06,21.853333333333335
Honduras,2024-07,19.728571428571428
Honduras,2024-08,19.16774193548387
Honduras,2024-09,19.90666666666667
Honduras,2024-10,16.773333333333333
Honduras,2024-11,15.910344827586206
Honduras,2024-12,15.85483870967742
Honduras,2025-01,17.153333333333332
Honduras,2025-02,17.985714285714288
Honduras,2025-03,19.36774193548387
Honduras,2025-04,20.02
Honduras,2025-05,21.23
Honduras,2025-06,20.376666666666665
Honduras,2025-07,20.216129032258067
Honduras,2025-08,19.94516129032258
Honduras,2025-09,20.453333333333333
Honduras,2025-10,19.683870967741935
Honduras,2025-11,18.233333333333334
Honduras,2025-12,18.82903225806452
Honduras,2026-01,17.413793103448278
Honduras,2026-02,16.935714285714287
Honduras,2026-03,20.070967741935487
Honduras,2026-04,21.053333333333335
Honduras,2026-05,22.067741935483873
Honduras,2026-06,21.566666666666666
Honduras,2026-07,21.884999999999998
Hungary,2024-05,23.294117647058822
Hungary,2024-06,26.866666666666667
Hungary,2024-07,31.279310344827586
Hungary,2024-08,31.351612903225806
Hungary,2024-09,21.946666666666665
Hungary,2024-10,14.577419354838709
Hungary,2024-11,6.053333333333333
Hungary,2024-12,4.77741935483871
Hungary,2025-01,4.1806451612903235
Hungary,2025-02,2.825
Hungary,2025-03,10.879999999999999
Hungary,2025-04,16.05
Hungary,2025-05,16.25483870967742
Hungary,2025-06,25.183333333333334
Hungary,2025-07,24.532258064516128
Hungary,2025-08,23.696875
Hungary,2025-09,19.376470588235293
Hungary,2025-10,10.290322580645162
Hungary,2025-11,5.23
Hungary,2025-12,2.848484848484849
Hungary,2026-01,-0.3317073170731676
Hungary,2026-02,2.1176470588235303
Hungary,2026-03,4.031250000000001
Hungary,2026-04,9.518181818181818
Hungary,2026-05,15.193548387096774
Hungary,2026-06,20.61627906976744
Hungary,2026-07,21.5
Iceland,2024-05,8.411764705882353
Iceland,2024-06,9.466666666666667
Iceland,2024-07,10.827586206896552
Iceland,2024-08,9.841935483870968
Iceland,2024-09,6.97
Iceland,2024-10,4.522580645161291
Iceland,2024-11,3.7066666666666683
Iceland,2024-12,2.1516129032258076
Iceland,2025-01,2.219354838709678
Iceland,2025-02,4.275
Iceland,2025-03,3.4516129032258065
Iceland,2025-04,5.066666666666666
Iceland,2025-05,8.235483870967743
Iceland,2025-06,8.066666666666666
Iceland,2025-07,11.548387096774194
Iceland,2025-08,11.54516129032258
Iceland,2025-09,8.303448275862069
Iceland,2025-10,5.025806451612904
Iceland,2025-11,2.1033333333333344
Iceland,2025-12,4.206451612903226
Iceland,2026-01,1.7766666666666684
Iceland,2026-02,0.4142857142857177
Iceland,2026-03,0.6448275862068984
Iceland,2026-04,3.926666666666667
Iceland,2026-05,5.335483870967742
Iceland,2026-06,7.95
Iceland,2026-07,11.77
Inde,2024-07,31.2
India,2024-05,39.588235294117645
India,2024-06,38.199999999999996
India,2024-07,34.528571428571425
India,2024-08,32.04193548387097
India,2024-09,31.013333333333332
India,2024-10,34.71612903225807
India,2024-11,28.95
India,2024-12,21.88064516129032
India,2025-01,20.73225806451613
India,2025-02,25.099999999999998
India,2025-03,30.783870967741933
India,2025-04,37.519999999999996
India,2025-05,35.99354838709677
India,2025-06,36.38666666666666
India,2025-07,33.91935483870968
India,2025-08,31.77741935483871
India,2025-09,32.78666666666667
India,2025-10,29.670967741935485
India,2025-11,25.13
India,2025-12,19.041935483870965
India,2026-01,15.726666666666667
India,2026-02,23.12857142857143
India,2026-03,28.456666666666667
India,2026-04,33.53666666666667
India,2026-05,36.10645161290322
India,2026-06,35.89333333333333
India,2026-07,34.045
Indonesia,2024-05,25.258823529411764
Indonesia,2024-06,24.57377049180328
Indonesia,2024-07,24.74655172413793
Indonesia,2024-08,25.051612903225806
Indonesia,2024-09,26.71833333333333
Indonesia,2024-10,30.27258064516129
Indonesia,2024-11,29.925
Indonesia,2024-12,27.15
Indonesia,2025-01,26.87741935483871
Indonesia,2025-02,27.657142857142855
Indonesia,2025-03,29.05806451612903
Indonesia,2025-04,28.84333333333333
Indonesia,2025-05,29.366129032258065
Indonesia,2025-06,28.413333333333334
Indonesia,2025-07,28.433870967741935
Indonesia,2025-08,28.774193548387096
Indonesia,2025-09,29.396666666666665
Indonesia,2025-10,30.516129032258064
Indonesia,2025-11,29.26833333333333
Indonesia,2025-12,29.719354838709677
Indonesia,2026-01,28.236666666666668
Indonesia,2026-02,28.241071428571427
Indonesia,2026-03,29.615000000000002
Indonesia,2026-04,30.611666666666668
Indonesia,2026-05,30.23709677419355
Indonesia,2026-06,30.52950819672131
Indonesia,2026-07,30.605
Iran,2024-05,24.102941176470587
Iran,2024-06,30.77457627118644
Iran,2024-07,34.136842105263156
Iran,2024-08,34.5758064516129
Iran,2024-09,28.075
Iran,2024-10,19.643548387096775
Iran,2024-11,12.201666666666666
Iran,2024-12,6.469354838709678
Iran,2025-01,5.975806451612903
Iran,2025-02,4.187500000000001
Iran,2025-03,12.75
Iran,2025-04,19.988333333333333
Iran,2025-05,25.996774193548386
Iran,2025-06,28.134999999999998
Iran,2025-07,32.42903225806452
Iran,2025-08,32.67903225806452
Iran,2025-09,25.89333333333333
Iran,2025-10,21.643548387096775
Iran,2025-11,13.455
Iran,2025-12,5.94909090909091
Iran,2026-01,2.9192307692307713
Iran,2026-02,10.388095238095238
Iran,2026-03,8.209090909090909
Iran,2026-04,14.898076923076925
Iran,2026-05,21.48709677419355
Iran,2026-06,26.922033898305088
Iran,2026-07,29.952499999999997
Iraq,2024-05,37.71176470588235
Iraq,2024-06,44.093333333333334
Iraq,2024-07,44.37241379310345
Iraq,2024-08,44.464516129032255
Iraq,2024-09,39.733333333333334
Iraq,2024-10,31.116129032258065
Iraq,2024-11,23.403333333333332
Iraq,2024-12,18.212903225806453
Iraq,2025-01,16.467741935483872
Iraq,2025-02,15.335714285714285
Iraq,2025-03,22.31935483870968
Iraq,2025-04,28.68
Iraq,2025-05,35.645161290322584
Iraq,2025-06,39.78333333333333
Iraq,2025-07,40.980645161290326
Iraq,2025-08,41.0516129032258
Iraq,2025-09,35.3
Iraq,2025-10,28.719354838709677
Iraq,2025-11,20.040000000000003
Iraq,2025-12,12.709677419354838
Iraq,2026-01,9.28
Iraq,2026-02,15.596428571428572
Iraq,2026-03,16.822580645161292
Iraq,2026-04,22.966666666666665
Iraq,2026-05,29.5258064516129
Iraq,2026-06,36.84666666666667
Iraq,2026-07,37.805
Ireland,2024-05,15.882352941176471
Ireland,2024-06,16.148275862068967
Ireland,2024-07,17.44137931034483
Ireland,2024-08,18.238709677419354
Ireland,2024-09,14.616666666666667
Ireland,2024-10,11.44516129032258
Ireland,2024-11,8.013333333333334
Ireland,2024-12,7.464516129032258
Ireland,2025-01,4.55483870967742
Ireland,2025-02,6.989285714285714
Ireland,2025-03,8.574193548387097
Ireland,2025-04,10.983333333333333
Ireland,2025-05,13.464516129032257
Ireland,2025-06,15.203333333333335
Ireland,2025-07,16.273333333333333
Ireland,2025-08,15.935483870967742
Ireland,2025-09,11.583333333333334
Ireland,2025-10,10.206451612903225
Ireland,2025-11,7.63
Ireland,2025-12,7.551612903225807
Ireland,2026-01,4.613333333333333
Ireland,2026-02,6.239285714285714
Ireland,2026-03,5.71
Ireland,2026-04,7.003333333333333
Ireland,2026-05,10.406451612903227
Ireland,2026-06,13.227586206896552
Ireland,2026-07,14.165000000000001
Israel,2024-05,27.176470588235293
Israel,2024-06,31.16
Israel,2024-07,31.785714285714285
Israel,2024-08,30.461290322580645
Israel,2024-09,30.116666666666667
Israel,2024-10,24.719354838709677
Israel,2024-11,17.35666666666667
Israel,2024-12,14.438709677419356
Israel,2025-01,18.664516129032258
Israel,2025-02,16.310714285714287
Israel,2025-03,22.625806451612902
Israel,2025-04,24.553333333333335
Israel,2025-05,27.01290322580645
Israel,2025-06,29.376666666666665
Israel,2025-07,32.00645161290323
Israel,2025-08,31.54516129032258
Israel,2025-09,29.376666666666665
Israel,2025-10,26.138709677419353
Israel,2025-11,23.71333333333333
Israel,2025-12,15.816129032258065
Israel,2026-01,13.963333333333333
Israel,2026-02,15.989285714285714
Israel,2026-03,10.66
Israel,2026-04,15.04
Israel,2026-05,19.56451612903226
Israel,2026-06,22.256666666666668
Israel,2026-07,23.175
Italy,2024-05,24.0
Italy,2024-06,29.32
Italy,2024-07,34.38214285714286
Italy,2024-08,34.71935483870968
Italy,2024-09,25.490000000000002
Italy,2024-10,21.019354838709678
Italy,2024-11,13.916666666666666
Italy,2024-12,10.30967741935484
Italy,2025-01,12.12258064516129
Italy,2025-02,11.396428571428572
Italy,2025-03,13.738709677419356
Italy,2025-04,17.06
Italy,2025-05,20.47741935483871
Italy,2025-06,28.703333333333333
Italy,2025-07,28.55483870967742
Italy,2025-08,27.241935483870968
Italy,2025-09,22.246666666666666
Italy,2025-10,15.851612903225806
Italy,2025-11,10.533333333333333
Italy,2025-12,7.009677419354838
Italy,2026-01,7.113333333333333
Italy,2026-02,9.178571428571429
Italy,2026-03,8.403225806451612
Italy,2026-04,11.92
Italy,2026-05,16.43548387096774
Italy,2026-06,22.033333333333335
Italy,2026-07,24.115000000000002
Jamaica,2024-05,30.21764705882353
Jamaica,2024-06,30.323333333333334
Jamaica,2024-07,28.43793103448276
Jamaica,2024-08,28.241935483870968
Jamaica,2024-09,28.826666666666664
Jamaica,2024-10,27.25
Jamaica,2024-11,26.348275862068967
Jamaica,2024-12,25.55806451612903
Jamaica,2025-01,25.05666666666667
Jamaica,2025-02,25.103571428571428
Jamaica,2025-03,25.24516129032258
Jamaica,2025-04,25.946666666666665
Jamaica,2025-05,26.60666666666667
Jamaica,2025-06,27.490000000000002
Jamaica,2025-07,27.52258064516129
Jamaica,2025-08,27.980645161290322
Jamaica,2025-09,27.826666666666664
Jamaica,2025-10,27.335483870967742
Jamaica,2025-11,26.216666666666665
Jamaica,2025-12,25.82903225806452
Jamaica,2026-01,25.253333333333334
Jamaica,2026-02,24.460714285714285
Jamaica,2026-03,25.190322580645162
Jamaica,2026-04,26.063333333333333
Jamaica,2026-05,27.09032258064516
Jamaica,2026-06,27.28666666666667
Jamaica,2026-07,28.76
Japan,2024-05,20.523529411764706
Japan,2024-06,22.673333333333336
Japan,2024-07,27.844827586206897
Japan,2024-08,28.88064516129032
Japan,2024-09,27.053333333333335
Japan,2024-10,22.38064516129032
Japan,2024-11,15.986666666666668
Japan,2024-12,10.429032258064517
Japan,2025-01,8.570967741935483
Japan,2025-02,8.214285714285714
Japan,2025-03,11.983870967741936
Japan,2025-04,18.273333333333333
Japan,2025-05,20.858064516129033
Japan,2025-06,27.066666666666666
Japan,2025-07,30.27741935483871
Japan,2025-08,32.596774193548384
Japan,2025-09,29.293333333333333
Japan,2025-10,20.65806451612903
Japan,2025-11,16.09
Japan,2025-12,11.922580645161291
Japan,2026-01,9.78
Japan,2026-02,12.010714285714286
Japan,2026-03,14.606451612903227
Japan,2026-04,20.209999999999997
Japan,2026-05,24.76451612903226
Japan,2026-06,24.67
Japan,2026-07,29.71
Jemen,2024-07,26.1
Jordan,2024-05,27.647058823529413
Jordan,2024-06,34.78333333333333
Jordan,2024-07,32.824137931034485
Jordan,2024-08,32.248387096774195
Jordan,2024-09,29.253333333333334
Jordan,2024-10,24.32903225806452
Jordan,2024-11,18.0
Jordan,2024-12,14.890322580645162
Jordan,2025-01,13.893548387096773
Jordan,2025-02,10.807142857142859
Jordan,2025-03,17.625806451612902
Jordan,2025-04,21.776666666666664
Jordan,2025-05,25.780645161290323
Jordan,2025-06,29.273333333333333
Jordan,2025-07,30.42258064516129
Jordan,2025-08,29.919354838709676
Jordan,2025-09,26.11
Jordan,2025-10,22.041935483870965
Jordan,2025-11,17.6
Jordan,2025-12,10.432258064516128
Jordan,2026-01,8.336666666666666
Jordan,2026-02,11.367857142857144
Jordan,2026-03,10.106451612903227
Jordan,2026-04,15.656666666666666
Jordan,2026-05,20.23548387096774
Jordan,2026-06,23.516666666666666
Jordan,2026-07,24.210526315789473
Kazakhstan,2024-05,14.0
Kazakhstan,2024-06,24.489655172413794
Kazakhstan,2024-07,24.451724137931034
Kazakhstan,2024-08,22.154838709677417
Kazakhstan,2024-09,15.426666666666668
Kazakhstan,2024-10,9.667741935483871
Kazakhstan,2024-11,0.03666666666667028
Kazakhstan,2024-12,-1.5999999999999943
Kazakhstan,2025-01,-1.5709677419354784
Kazakhstan,2025-02,-1.564285714285709
Kazakhstan,2025-03,1.3161290322580672
Kazakhstan,2025-04,15.896666666666667
Kazakhstan,2025-05,22.14516129032258
Kazakhstan,2025-06,24.85
Kazakhstan,2025-07,26.322580645161292
Kazakhstan,2025-08,22.55483870967742
Kazakhstan,2025-09,17.36
Kazakhstan,2025-10,7.551612903225807
Kazakhstan,2025-11,1.7300000000000015
Kazakhstan,2025-12,-1.122580645161286
Kazakhstan,2026-01,-1.5999999999999943
Kazakhstan,2026-02,-1.4999999999999944
Kazakhstan,2026-03,0.910000000000002
Kazakhstan,2026-04,12.723333333333333
Kazakhstan,2026-05,19.580645161290324
Kazakhstan,2026-06,26.413333333333334
Kazakhstan,2026-07,27.405
Kenya,2024-05,23.711764705882356
Kenya,2024-06,22.532258064516128
Kenya,2024-07,22.26551724137931
Kenya,2024-08,22.812903225806455
Kenya,2024-09,24.63
Kenya,2024-10,23.92258064516129
Kenya,2024-11,22.353333333333335
Kenya,2024-12,24.309677419354838
Kenya,2025-01,25.04516129032258
Kenya,2025-02,25.335714285714285
Kenya,2025-03,24.248387096774195
Kenya,2025-04,22.25
Kenya,2025-05,21.725806451612904
Kenya,2025-06,20.143333333333334
Kenya,2025-07,18.17096774193548
Kenya,2025-08,18.335483870967742
Kenya,2025-09,19.846666666666668
Kenya,2025-10,20.45483870967742
Kenya,2025-11,20.353333333333335
Kenya,2025-12,19.77741935483871
Kenya,2026-01,20.733333333333334
Kenya,2026-02,19.87857142857143
Kenya,2026-03,19.163333333333334
Kenya,2026-04,18.726666666666667
Kenya,2026-05,17.65806451612903
Kenya,2026-06,16.567741935483873
Kenya,2026-07,15.080000000000002
Kiribati,2024-05,29.0875
Kiribati,2024-06,28.862068965517242
Kiribati,2024-07,28.585714285714285
Kiribati,2024-08,28.683870967741935
Kiribati,2024-09,28.306451612903224
Kiribati,2024-10,28.05806451612903
Kiribati,2024-11,27.903333333333332
Kiribati,2024-12,27.874193548387098
Kiribati,2025-01,27.26774193548387
Kiribati,2025-02,26.910714285714285
Kiribati,2025-03,26.83225806451613
Kiribati,2025-04,27.323333333333334
Kiribati,2025-05,27.86774193548387
Kiribati,2025-06,28.12
Kiribati,2025-07,27.961290322580645
Kiribati,2025-08,27.958064516129035
Kiribati,2025-09,27.496666666666666
Kiribati,2025-10,27.45483870967742
Kiribati,2025-11,27.596666666666668
Kiribati,2025-12,27.67096774193548
Kiribati,2026-01,28.10666666666667
Kiribati,2026-02,28.657142857142855
Kiribati,2026-03,28.461290322580645
Kiribati,2026-04,29.073333333333334
Kiribati,2026-05,29.203225806451613
Kiribati,2026-06,28.46206896551724
Kiribati,2026-07,28.25
Komoren,2024-07,25.2
Kosovo,2024-06,29.3
Kosovo,2026-06,14.2
Kuwait,2024-05,38.83529411764706
Kuwait,2024-06,43.52333333333333
Kuwait,2024-07,43.87586206896551
Kuwait,2024-08,41.729032258064514
Kuwait,2024-09,41.31333333333334
Kuwait,2024-10,31.506451612903227
Kuwait,2024-11,25.85666666666667
Kuwait,2024-12,20.129032258064516
Kuwait,2025-01,20.016129032258064
Kuwait,2025-02,18.310714285714287
Kuwait,2025-03,23.480645161290322
Kuwait,2025-04,32.49666666666666
Kuwait,2025-05,39.26451612903226
Kuwait,2025-06,41.916666666666664
Kuwait,2025-07,44.196774193548386
Kuwait,2025-08,42.038709677419355
Kuwait,2025-09,39.123333333333335
Kuwait,2025-10,32.18709677419355
Kuwait,2025-11,23.69333333333333
Kuwait,2025-12,17.20967741935484
Kuwait,2026-01,13.546666666666665
Kuwait,2026-02,19.335714285714285
Kuwait,2026-03,19.13103448275862
Kuwait,2026-04,24.25
Kuwait,2026-05,31.299999999999997
Kuwait,2026-06,36.730000000000004
Kuwait,2026-07,37.93
Kyrghyzstan,2024-05,15.823529411764707
Kyrghyzstan,2024-06,24.90666666666667
Kyrghyzstan,2024-07,27.75357142857143
Kyrghyzstan,2024-08,29.641935483870967
Kyrghyzstan,2024-09,22.243333333333332
Kyrghyzstan,2024-10,16.093548387096774
Kyrghyzstan,2024-11,9.963333333333333
Kyrghyzstan,2024-12,1.1935483870967758
Kyrghyzstan,2025-01,0.8483870967741945
Kyrghyzstan,2025-02,3.525
Kyrghyzstan,2025-03,10.616129032258065
Kyrghyzstan,2025-04,20.703333333333333
Kyrghyzstan,2025-05,25.567741935483873
Kyrghyzstan,2025-06,31.926666666666666
Kyrghyzstan,2025-07,34.62903225806452
Kyrghyzstan,2025-08,31.88064516129032
Kyrghyzstan,2025-09,24.956666666666667
Kyrghyzstan,2025-10,17.548387096774192
Kyrghyzstan,2025-11,11.456666666666667
Kyrghyzstan,2025-12,4.816129032258065
Kyrghyzstan,2026-01,3.180000000000001
Kyrghyzstan,2026-02,6.785714285714286
Kyrghyzstan,2026-03,9.596666666666668
Kyrghyzstan,2026-04,18.363333333333333
Kyrghyzstan,2026-05,21.4
Kyrghyzstan,2026-06,28.15666666666667
Kyrghyzstan,2026-07,32.195
Lao People's Democratic Republic,2024-06,25.0
Lao People's Democratic Republic,2026-06,32.1
Latvia,2024-05,24.529411764705884
Latvia,2024-06,21.163333333333334
Latvia,2024-07,22.477777777777778
Latvia,2024-08,22.364516129032257
Latvia,2024-09,20.62
Latvia,2024-10,11.09032258064516
Latvia,2024-11,5.323333333333333
Latvia,2024-12,2.967741935483871
Latvia,2025-01,2.8580645161290326
Latvia,2025-02,-0.4071428571428539
Latvia,2025-03,6.370967741935484
Latvia,2025-04,9.526666666666667
Latvia,2025-05,12.316129032258065
Latvia,2025-06,16.736666666666668
Latvia,2025-07,21.67096774193548
Latvia,2025-08,17.606451612903225
Latvia,2025-09,15.766666666666667
Latvia,2025-10,7.5
Latvia,2025-11,3.306666666666667
Latvia,2025-12,3.161290322580646
Latvia,2026-01,-1.5133333333333279
Latvia,2026-02,-1.1678571428571378
Latvia,2026-03,2.5533333333333337
Latvia,2026-04,5.17
Latvia,2026-05,12.238709677419356
Latvia,2026-06,16.720000000000002
Latvia,2026-07,17.535
Lebanon,2024-05,24.941176470588236
Lebanon,2024-06,28.61
Lebanon,2024-07,30.260714285714283
Lebanon,2024-08,29.71935483870968
Lebanon,2024-09,29.696666666666665
Lebanon,2024-10,25.02258064516129
Lebanon,2024-11,21.296666666666667
Lebanon,2024-12,18.216129032258067
Lebanon,2025-01,18.864516129032257
Lebanon,2025-02,14.821428571428571
Lebanon,2025-03,20.033333333333335
Lebanon,2025-04,21.433333333333334
Lebanon,2025-05,24.62258064516129
Lebanon,2025-06,27.029999999999998
Lebanon,2025-07,29.72258064516129
Lebanon,2025-08,30.164516129032258
Lebanon,2025-09,28.61
Lebanon,2025-10,25.870967741935484
Lebanon,2025-11,24.323333333333334
Lebanon,2025-12,17.274193548387096
Lebanon,2026-01,15.433333333333334
Lebanon,2026-02,16.12142857142857
Lebanon,2026-03,14.97741935483871
Lebanon,2026-04,17.833333333333332
Lebanon,2026-05,20.070967741935487
Lebanon,2026-06,24.25
Lebanon,2026-07,26.385
Lesotho,2024-05,20.970588235294116
Lesotho,2024-06,15.083333333333334
Lesotho,2024-07,15.332142857142857
Lesotho,2024-08,20.26451612903226
Lesotho,2024-09,20.44
Lesotho,2024-10,22.34193548387097
Lesotho,2024-11,24.646666666666665
Lesotho,2024-12,29.248387096774195
Lesotho,2025-01,26.990322580645163
Lesotho,2025-02,26.146428571428572
Lesotho,2025-03,22.480645161290322
Lesotho,2025-04,16.95
Lesotho,2025-05,13.964516129032257
Lesotho,2025-06,10.623333333333333
Lesotho,2025-07,10.729032258064517
Lesotho,2025-08,12.990322580645161
Lesotho,2025-09,18.126666666666665
Lesotho,2025-10,19.325806451612905
Lesotho,2025-11,20.43
Lesotho,2025-12,22.07741935483871
Lesotho,2026-01,22.953333333333333
Lesotho,2026-02,20.782142857142855
Lesotho,2026-03,18.048275862068966
Lesotho,2026-04,14.6
Lesotho,2026-05,9.325806451612904
Lesotho,2026-06,6.783333333333333
Lesotho,2026-07,4.785
Letonia,2024-07,20.6
Liberia,2024-05,30.705882352941178
Liberia,2024-06,28.372413793103448
Liberia,2024-07,26.644827586206898
Liberia,2024-08,25.79032258064516
Liberia,2024-09,25.896666666666665
Liberia,2024-10,25.9
Liberia,2024-11,26.936666666666667
Liberia,2024-12,28.25483870967742
Liberia,2025-01,27.9741935483871
Liberia,2025-02,28.22142857142857
Liberia,2025-03,27.335483870967742
Liberia,2025-04,27.096666666666668
Liberia,2025-05,26.480645161290322
Liberia,2025-06,25.526666666666664
Liberia,2025-07,24.62258064516129
Liberia,2025-08,24.248387096774195
Liberia,2025-09,24.323333333333334
Liberia,2025-10,24.374193548387098
Liberia,2025-11,24.543333333333333
Liberia,2025-12,24.23225806451613
Liberia,2026-01,24.016666666666666
Liberia,2026-02,24.150000000000002
Liberia,2026-03,24.446666666666665
Liberia,2026-04,24.19
Liberia,2026-05,24.62258064516129
Liberia,2026-06,24.823333333333334
Liberia,2026-07,24.445
Libya,2024-06,27.0
Libya,2026-06,25.7
Liechtenstein,2024-05,17.11764705882353
Liechtenstein,2024-06,20.720000000000002
Liechtenstein,2024-07,22.482142857142858
Liechtenstein,2024-08,22.951612903225808
Liechtenstein,2024-09,16.503333333333334
Liechtenstein,2024-10,11.54516129032258
Liechtenstein,2024-11,2.950000000000001
Liechtenstein,2024-12,0.20967741935484108
Liechtenstein,2025-01,2.6064516129032267
Liechtenstein,2025-02,3.2464285714285714
Liechtenstein,2025-03,6.864516129032258
Liechtenstein,2025-04,10.236666666666668
Liechtenstein,2025-05,13.529032258064516
Liechtenstein,2025-06,20.220000000000002
Liechtenstein,2025-07,19.06451612903226
Liechtenstein,2025-08,18.883870967741935
Liechtenstein,2025-09,14.91
Liechtenstein,2025-10,9.67741935483871
Liechtenstein,2025-11,3.8400000000000007
Liechtenstein,2025-12,1.8032258064516136
Liechtenstein,2026-01,0.06896551724138203
Liechtenstein,2026-02,3.325
Liechtenstein,2026-03,-0.39999999999999725
Liechtenstein,2026-04,5.0200000000000005
Liechtenstein,2026-05,9.406451612903227
Liechtenstein,2026-06,13.923333333333334
Liechtenstein,2026-07,14.385
Lithuania,2024-05,21.705882352941178
Lithuania,2024-06,21.836666666666666
Lithuania,2024-07,23.349999999999998
Lithuania,2024-08,23.809677419354838
Lithuania,2024-09,21.46333333333333
Lithuania,2024-10,10.229032258064517
Lithuania,2024-11,3.3466666666666667
Lithuania,2024-12,2.1677419354838716
Lithuania,2025-01,1.8967741935483882
Lithuania,2025-02,-0.7214285714285678
Lithuania,2025-03,6.622580645161291
Lithuania,2025-04,11.066666666666666
Lithuania,2025-05,11.661290322580646
Lithuania,2025-06,17.19333333333333
Lithuania,2025-07,20.66774193548387
Lithuania,2025-08,17.65806451612903
Lithuania,2025-09,15.2
Lithuania,2025-10,6.838709677419355
Lithuania,2025-11,2.700000000000001
Lithuania,2025-12,1.5225806451612918
Lithuania,2026-01,-1.513333333333328
Lithuania,2026-02,-1.178571428571424
Lithuania,2026-03,3.380000000000001
Lithuania,2026-04,5.05
Lithuania,2026-05,11.47741935483871
Lithuania,2026-06,16.74
Lithuania,2026-07,16.175
Luxembourg,2024-05,16.564705882352943
Luxembourg,2024-06,18.92758620689655
Luxembourg,2024-07,21.375
Luxembourg,2024-08,23.04516129032258
Luxembourg,2024-09,16.616666666666667
Luxembourg,2024-10,11.625806451612902
Luxembourg,2024-11,5.586666666666667
Luxembourg,2024-12,3.2903225806451624
Luxembourg,2025-01,2.5838709677419365
Luxembourg,2025-02,2.6428571428571432
Luxembourg,2025-03,7.490322580645161
Luxembourg,2025-04,11.246666666666666
Luxembourg,2025-05,14.648387096774194
Luxembourg,2025-06,18.9
Luxembourg,2025-07,18.825806451612905
Luxembourg,2025-08,17.580645161290324
Luxembourg,2025-09,12.71
Luxembourg,2025-10,9.3
Luxembourg,2025-11,4.8966666666666665
Luxembourg,2025-12,3.7096774193548394
Luxembourg,2026-01,1.200000000000002
Luxembourg,2026-02,4.210714285714286
Luxembourg,2026-03,4.086666666666667
Luxembourg,2026-04,7.363333333333333
Luxembourg,2026-05,12.448387096774193
Luxembourg,2026-06,16.834482758620688
Luxembourg,2026-07,17.465
Macedonia,2024-05,23.235294117647058
Macedonia,2024-06,33.36896551724138
Macedonia,2024-07,34.99285714285715
Macedonia,2024-08,35.97096774193548
Macedonia,2024-09,26.38
Macedonia,2024-10,18.76451612903226
Macedonia,2024-11,8.57
Macedonia,2024-12,6.741935483870968
Macedonia,2025-01,5.145161290322581
Macedonia,2025-02,7.270370370370371
Macedonia,2025-03,14.906451612903227
Macedonia,2025-04,16.8
Macedonia,2025-05,19.92666666666667
Macedonia,2025-06,29.206666666666667
Macedonia,2025-07,30.322580645161292
Macedonia,2025-08,24.977419354838712
Macedonia,2025-09,20.86
Macedonia,2025-10,11.109677419354838
Macedonia,2025-11,8.013333333333334
Macedonia,2025-12,1.6838709677419375
Macedonia,2026-01,1.8000000000000018
Macedonia,2026-02,4.064285714285715
Macedonia,2026-03,4.927586206896552
Macedonia,2026-04,11.360000000000001
Macedonia,2026-05,15.525806451612903
Macedonia,2026-06,21.04137931034483
Macedonia,2026-07,21.470000000000002
Madagascar,2024-05,21.22941176470588
Madagascar,2024-06,21.577966101694912
Madagascar,2024-07,24.82456140350877
Madagascar,2024-08,25.240322580645163
Madagascar,2024-09,28.26833333333333
Madagascar,2024-10,28.47258064516129
Madagascar,2024-11,31.621666666666666
Madagascar,2024-12,33.24354838709677
Madagascar,2025-01,31.19193548387097
Madagascar,2025-02,28.96727272727273
Madagascar,2025-03,27.661290322580644
Madagascar,2025-04,27.73
Madagascar,2025-05,23.967741935483872
Madagascar,2025-06,22.51833333333333
Madagascar,2025-07,20.87258064516129
Madagascar,2025-08,20.819607843137256
Madagascar,2025-09,22.60666666666667
Madagascar,2025-10,23.951612903225808
Madagascar,2025-11,25.37
Madagascar,2025-12,23.429032258064513
Madagascar,2026-01,24.043333333333333
Madagascar,2026-02,23.610714285714288
Madagascar,2026-03,23.1
Madagascar,2026-04,21.37
Madagascar,2026-05,19.325806451612905
Madagascar,2026-06,15.636666666666667
Madagascar,2026-07,13.934999999999999
Malawi,2024-05,22.99411764705882
Malawi,2024-06,23.626666666666665
Malawi,2024-07,26.482758620689655
Malawi,2024-08,26.480645161290322
Malawi,2024-09,27.313333333333333
Malawi,2024-10,28.425806451612903
Malawi,2024-11,28.966666666666665
Malawi,2024-12,30.809677419354838
Malawi,2025-01,24.0258064516129
Malawi,2025-02,24.442857142857143
Malawi,2025-03,24.345161290322583
Malawi,2025-04,23.88
Malawi,2025-05,21.403225806451612
Malawi,2025-06,20.783333333333335
Malawi,2025-07,20.02258064516129
Malawi,2025-08,21.806451612903224
Malawi,2025-09,25.183333333333334
Malawi,2025-10,25.225806451612904
Malawi,2025-11,24.256666666666668
Malawi,2025-12,22.74516129032258
Malawi,2026-01,22.31
Malawi,2026-02,20.942857142857143
Malawi,2026-03,20.290000000000003
Malawi,2026-04,20.220000000000002
Malawi,2026-05,19.4741935483871
Malawi,2026-06,16.87
Malawi,2026-07,15.505
Malaysia,2024-05,27.88235294117647
Malaysia,2024-06,27.233333333333334
Malaysia,2024-07,28.86896551724138
Malaysia,2024-08,27.251612903225805
Malaysia,2024-09,30.263333333333332
Malaysia,2024-10,29.616129032258065
Malaysia,2024-11,28.326666666666664
Malaysia,2024-12,27.10967741935484
Malaysia,2025-01,28.200000000000003
Malaysia,2025-02,29.664285714285715
Malaysia,2025-03,30.154838709677417
Malaysia,2025-04,30.103333333333335
Malaysia,2025-05,31.46451612903226
Malaysia,2025-06,32.52333333333333
Malaysia,2025-07,33.277419354838706
Malaysia,2025-08,31.887096774193548
Malaysia,2025-09,31.186666666666667
Malaysia,2025-10,31.799999999999997
Malaysia,2025-11,30.733333333333334
Malaysia,2025-12,30.993548387096773
Malaysia,2026-01,31.91
Malaysia,2026-02,32.66428571428572
Malaysia,2026-03,33.65862068965517
Malaysia,2026-04,33.07
Malaysia,2026-05,33.08709677419355
Malaysia,2026-06,32.46666666666667
Malaysia,2026-07,31.955000000000002
Maldives,2024-05,28.823529411764707
Maldives,2024-06,28.61785714285714
Maldives,2024-07,28.525000000000002
Maldives,2024-08,27.861290322580647
Maldives,2024-09,28.053333333333335
Maldives,2024-10,27.787096774193547
Maldives,2024-11,27.709999999999997
Maldives,2024-12,27.693548387096776
Maldives,2025-01,27.20967741935484
Maldives,2025-02,27.67142857142857
Maldives,2025-03,28.11935483870968
Maldives,2025-04,28.983333333333334
Maldives,2025-05,29.067741935483873
Maldives,2025-06,28.39333333333333
Maldives,2025-07,27.94193548387097
Maldives,2025-08,27.461290322580645
Maldives,2025-09,27.763333333333332
Maldives,2025-10,27.625806451612902
Maldives,2025-11,27.253333333333334
Maldives,2025-12,27.258064516129032
Maldives,2026-01,26.80666666666667
Maldives,2026-02,27.021428571428572
Maldives,2026-03,27.85666666666667
Maldives,2026-04,28.836666666666666
Maldives,2026-05,28.774193548387096
Maldives,2026-06,28.02
Maldives,2026-07,27.875
Mali,2024-05,37.11764705882353
Mali,2024-06,35.02333333333333
Mali,2024-07,29.603448275862068
Mali,2024-08,27.961290322580645
Mali,2024-09,28.333333333333332
Mali,2024-10,27.69677419354839
Mali,2024-11,26.296666666666667
Mali,2024-12,26.977419354838712
Mali,2025-01,25.616129032258065
Mali,2025-02,27.57857142857143
Mali,2025-03,31.335483870967742
Mali,2025-04,30.64
Mali,2025-05,28.29032258064516
Mali,2025-06,26.603333333333335
Mali,2025-07,25.458064516129035
Mali,2025-08,24.24516129032258
Mali,2025-09,23.990000000000002
Mali,2025-10,24.470967741935485
Mali,2025-11,20.673333333333336
Mali,2025-12,19.825806451612905
Mali,2026-01,19.93
Mali,2026-02,20.90357142857143
Mali,2026-03,26.63448275862069
Mali,2026-04,26.263333333333332
Mali,2026-05,27.506451612903227
Mali,2026-06,25.98
Mali,2026-07,24.744999999999997
Malta,2024-05,26.235294117647058
Malta,2024-06,28.603333333333335
Malta,2024-07,30.93448275862069
Malta,2024-08,30.938709677419357
Malta,2024-09,27.996666666666666
Malta,2024-10,24.625806451612902
Malta,2024-11,20.543333333333333
Malta,2024-12,16.551612903225806
Malta,2025-01,16.96451612903226
Malta,2025-02,15.710714285714285
Malta,2025-03,17.483870967741936
Malta,2025-04,18.540000000000003
Malta,2025-05,23.364516129032257
Malta,2025-06,28.98
Malta,2025-07,30.690322580645162
Malta,2025-08,28.612903225806452
Malta,2025-09,26.763333333333332
Malta,2025-10,21.983870967741936
Malta,2025-11,17.65666666666667
Malta,2025-12,13.816129032258065
Malta,2026-01,13.446666666666665
Malta,2026-02,13.289285714285715
Malta,2026-03,12.77741935483871
Malta,2026-04,16.586666666666666
Malta,2026-05,19.874193548387098
Malta,2026-06,24.31
Malta,2026-07,26.48
Malásia,2024-07,24.3
Marrocos,2024-07,40.3
Marshall Islands,2024-05,28.35
Marshall Islands,2024-06,28.296666666666667
Marshall Islands,2024-07,28.42413793103448
Marshall Islands,2024-08,28.364516129032257
Marshall Islands,2024-09,28.496774193548386
Marshall Islands,2024-10,28.58709677419355
Marshall Islands,2024-11,28.146666666666665
Marshall Islands,2024-12,28.0
Marshall Islands,2025-01,28.038709677419355
Marshall Islands,2025-02,27.557142857142857
Marshall Islands,2025-03,28.141935483870967
Marshall Islands,2025-04,27.833333333333332
Marshall Islands,2025-05,28.187096774193545
Marshall Islands,2025-06,28.09333333333333
Marshall Islands,2025-07,27.616129032258065
Marshall Islands,2025-08,28.17096774193548
Marshall Islands,2025-09,28.236666666666668
Marshall Islands,2025-10,27.916129032258063
Marshall Islands,2025-11,28.216666666666665
Marshall Islands,2025-12,27.809677419354838
Marshall Islands,2026-01,28.75
Marshall Islands,2026-02,28.839285714285715
Marshall Islands,2026-03,28.516666666666666
Marshall Islands,2026-04,28.653333333333332
Marshall Islands,2026-05,28.503225806451614
Marshall Islands,2026-06,29.386666666666667
Marshall Islands,2026-07,29.79
Mauritania,2024-05,25.876470588235293
Mauritania,2024-06,27.44
Mauritania,2024-07,26.20344827586207
Mauritania,2024-08,28.02258064516129
Mauritania,2024-09,28.063333333333333
Mauritania,2024-10,27.29032258064516
Mauritania,2024-11,24.93
Mauritania,2024-12,22.858064516129033
Mauritania,2025-01,20.09032258064516
Mauritania,2025-02,20.57857142857143
Mauritania,2025-03,19.361290322580647
Mauritania,2025-04,22.296666666666667
Mauritania,2025-05,23.051612903225806
Mauritania,2025-06,23.709999999999997
Mauritania,2025-07,24.05483870967742
Mauritania,2025-08,25.925806451612903
Mauritania,2025-09,27.13
Mauritania,2025-10,27.04516129032258
Mauritania,2025-11,24.053333333333335
Mauritania,2025-12,19.009677419354837
Mauritania,2026-01,17.61
Mauritania,2026-02,19.8
Mauritania,2026-03,18.093103448275862
Mauritania,2026-04,20.136666666666667
Mauritania,2026-05,21.961290322580645
Mauritania,2026-06,22.6
Mauritania,2026-07,23.855
Mauritius,2024-05,23.823529411764707
Mauritius,2024-06,23.39333333333333
Mauritius,2024-07,23.23793103448276
Mauritius,2024-08,22.358064516129033
Mauritius,2024-09,24.696666666666665
Mauritius,2024-10,25.5
Mauritius,2024-11,27.743333333333332
Mauritius,2024-12,28.741935483870968
Mauritius,2025-01,30.461290322580645
Mauritius,2025-02,30.75357142857143
Mauritius,2025-03,30.503225806451614
Mauritius,2025-04,29.07
Mauritius,2025-05,27.103225806451615
Mauritius,2025-06,25.466666666666665
Mauritius,2025-07,23.948387096774194
Mauritius,2025-08,23.98709677419355
Mauritius,2025-09,24.633333333333333
Mauritius,2025-10,26.106451612903225
Mauritius,2025-11,27.516666666666666
Mauritius,2025-12,28.85483870967742
Mauritius,2026-01,28.506666666666668
Mauritius,2026-02,29.235714285714288
Mauritius,2026-03,29.344827586206897
Mauritius,2026-04,28.046666666666667
Mauritius,2026-05,26.009677419354837
Mauritius,2026-06,24.27
Mauritius,2026-07,23.35
Mexico,2024-05,19.75294117647059
Mexico,2024-06,17.716666666666665
Mexico,2024-07,14.810714285714285
Mexico,2024-08,14.77741935483871
Mexico,2024-09,15.583333333333334
Mexico,2024-10,12.003333333333334
Mexico,2024-11,12.33448275862069
Mexico,2024-12,10.393548387096773
Mexico,2025-01,10.946666666666665
Mexico,2025-02,12.292857142857143
Mexico,2025-03,14.548387096774194
Mexico,2025-04,15.453333333333335
Mexico,2025-05,17.546666666666667
Mexico,2025-06,15.629999999999999
Mexico,2025-07,14.770967741935483
Mexico,2025-08,15.59032258064516
Mexico,2025-09,15.9
Mexico,2025-10,14.09032258064516
Mexico,2025-11,12.71
Mexico,2025-12,13.629032258064516
Mexico,2026-01,13.043333333333333
Mexico,2026-02,14.171428571428573
Mexico,2026-03,14.966666666666667
Mexico,2026-04,17.92
Mexico,2026-05,17.993548387096773
Mexico,2026-06,16.683870967741935
Mexico,2026-07,16.68
Mexique,2024-07,27.4
Micronesia,2024-05,27.375
Micronesia,2024-06,27.151724137931033
Micronesia,2024-07,27.23
Micronesia,2024-08,27.238709677419354
Micronesia,2024-09,26.616666666666667
Micronesia,2024-10,28.1
Micronesia,2024-11,27.94333333333333
Micronesia,2024-12,27.761290322580646
Micronesia,2025-01,28.02258064516129
Micronesia,2025-02,27.646428571428572
Micronesia,2025-03,28.09032258064516
Micronesia,2025-04,28.44
Micronesia,2025-05,28.27741935483871
Micronesia,2025-06,28.386666666666667
Micronesia,2025-07,27.919354838709676
Micronesia,2025-08,27.938709677419357
Micronesia,2025-09,28.823333333333334
Micronesia,2025-10,28.393548387096775
Micronesia,2025-11,28.396666666666665
Micronesia,2025-12,28.870967741935484
Micronesia,2026-01,29.483333333333334
Micronesia,2026-02,28.442857142857143
Micronesia,2026-03,29.696551724137933
Micronesia,2026-04,29.61
Micronesia,2026-05,28.635483870967743
Micronesia,2026-06,29.875862068965517
Micronesia,2026-07,29.945
Monaco,2024-05,20.88235294117647
Monaco,2024-06,23.579310344827583
Monaco,2024-07,26.914285714285715
Monaco,2024-08,28.55483870967742
Monaco,2024-09,23.77
Monaco,2024-10,19.561290322580643
Monaco,2024-11,14.08
Monaco,2024-12,11.558064516129033
Monaco,2025-01,11.429032258064517
Monaco,2025-02,12.728571428571428
Monaco,2025-03,14.48709677419355
Monaco,2025-04,16.81
Monaco,2025-05,19.825806451612905
Monaco,2025-06,26.006666666666668
Monaco,2025-07,26.741935483870968
Monaco,2025-08,27.083870967741937
Monaco,2025-09,21.40666666666667
Monaco,2025-10,17.0
Monaco,2025-11,10.616666666666667
Monaco,2025-12,9.712903225806452
Monaco,2026-01,7.48
Monaco,2026-02,9.75357142857143
Monaco,2026-03,10.479310344827585
Monaco,2026-04,14.676666666666668
Monaco,2026-05,18.280645161290323
Monaco,2026-06,23.44137931034483
Monaco,2026-07,26.025
Mongolia,2024-05,13.058823529411764
Mongolia,2024-06,15.323333333333332
Mongolia,2024-07,20.224999999999998
Mongolia,2024-08,16.748387096774195
Mongolia,2024-09,12.803333333333335
Mongolia,2024-10,0.6612903225806477
Mongolia,2024-11,-1.533333333333328
Mongolia,2024-12,-1.5999999999999943
Mongolia,2025-01,-1.5999999999999943
Mongolia,2025-02,-1.2964285714285662
Mongolia,2025-03,2.74193548387097
Mongolia,2025-04,11.546666666666665
Mongolia,2025-05,16.33225806451613
Mongolia,2025-06,23.993333333333332
Mongolia,2025-07,25.58
Mongolia,2025-08,21.990322580645163
Mongolia,2025-09,16.07
Mongolia,2025-10,3.935483870967744
Mongolia,2025-11,0.003333333333337666
Mongolia,2025-12,-1.5999999999999943
Mongolia,2026-01,-1.5999999999999943
Mongolia,2026-02,-1.5678571428571375
Mongolia,2026-03,0.16774193548387406
Mongolia,2026-04,7.180000000000001
Mongolia,2026-05,15.40967741935484
Mongolia,2026-06,15.743333333333334
Mongolia,2026-07,21.53
Montenegro,2024-05,23.352941176470587
Montenegro,2024-06,30.582758620689653
Montenegro,2024-07,34.275862068965516
Montenegro,2024-08,34.91935483870968
Montenegro,2024-09,25.773333333333333
Montenegro,2024-10,19.916129032258063
Montenegro,2024-11,12.41
Montenegro,2024-12,9.748387096774193
Montenegro,2025-01,10.01290322580645
Montenegro,2025-02,9.87142857142857
Montenegro,2025-03,14.32258064516129
Montenegro,2025-04,17.333333333333332
Montenegro,2025-05,20.72258064516129
Montenegro,2025-06,29.759999999999998
Montenegro,2025-07,30.69677419354839
Montenegro,2025-08,29.206451612903226
Montenegro,2025-09,24.116666666666667
Montenegro,2025-10,15.429032258064517
Montenegro,2025-11,11.673333333333334
Montenegro,2025-12,4.33225806451613
Montenegro,2026-01,5.590000000000001
Montenegro,2026-02,7.082142857142856
Montenegro,2026-03,8.551724137931034
Montenegro,2026-04,14.653333333333334
Montenegro,2026-05,18.870967741935484
Montenegro,2026-06,24.423333333333336
Montenegro,2026-07,26.46
Morocco,2024-05,21.9375
Morocco,2024-06,23.65
Morocco,2024-07,25.525000000000002
Morocco,2024-08,26.5
Morocco,2024-09,24.529999999999998
Morocco,2024-10,21.73225806451613
Morocco,2024-11,20.436666666666667
Morocco,2024-12,17.345161290322583
Morocco,2025-01,15.96774193548387
Morocco,2025-02,16.021428571428572
Morocco,2025-03,15.974193548387097
Morocco,2025-04,18.209999999999997
Morocco,2025-05,20.661290322580644
Morocco,2025-06,24.35
Morocco,2025-07,23.89677419354839
Morocco,2025-08,23.4741935483871
Morocco,2025-09,20.216666666666665
Morocco,2025-10,18.393548387096775
Morocco,2025-11,12.229999999999999
Morocco,2025-12,10.47741935483871
Morocco,2026-01,11.743333333333334
Morocco,2026-02,11.014285714285714
Morocco,2026-03,11.103333333333333
Morocco,2026-04,12.093333333333334
Morocco,2026-05,14.425806451612903
Morocco,2026-06,18.35
Morocco,2026-07,18.419999999999998
Mozambique,2024-05,26.33529411764706
Mozambique,2024-06,24.68
Mozambique,2024-07,26.56896551724138
Mozambique,2024-08,26.5
Mozambique,2024-09,25.736666666666668
Mozambique,2024-10,26.0258064516129
Mozambique,2024-11,27.6
Mozambique,2024-12,31.161290322580644
Mozambique,2025-01,30.81935483870968
Mozambique,2025-02,29.810714285714287
Mozambique,2025-03,28.780645161290323
Mozambique,2025-04,26.36
Mozambique,2025-05,24.287096774193547
Mozambique,2025-06,22.290000000000003
Mozambique,2025-07,21.96451612903226
Mozambique,2025-08,22.403225806451612
Mozambique,2025-09,23.46333333333333
Mozambique,2025-10,23.690322580645162
Mozambique,2025-11,24.25
Mozambique,2025-12,24.75483870967742
Mozambique,2026-01,25.166666666666668
Mozambique,2026-02,27.092857142857145
Mozambique,2026-03,25.34333333333333
Mozambique,2026-04,23.456666666666667
Mozambique,2026-05,20.164516129032258
Mozambique,2026-06,17.8
Mozambique,2026-07,14.775
Myanmar,2024-05,28.876470588235293
Myanmar,2024-06,27.39333333333333
Myanmar,2024-07,26.855172413793102
Myanmar,2024-08,27.219354838709677
Myanmar,2024-09,28.566666666666666
Myanmar,2024-10,29.748387096774195
Myanmar,2024-11,30.34333333333333
Myanmar,2024-12,29.874193548387098
Myanmar,2025-01,30.98709677419355
Myanmar,2025-02,33.36785714285714
Myanmar,2025-03,36.012903225806454
Myanmar,2025-04,33.89
Myanmar,2025-05,31.85483870967742
Myanmar,2025-06,30.086666666666666
Myanmar,2025-07,29.032258064516128
Myanmar,2025-08,29.983870967741936
Myanmar,2025-09,29.790000000000003
Myanmar,2025-10,31.77741935483871
Myanmar,2025-11,30.096666666666668
Myanmar,2025-12,31.193548387096776
Myanmar,2026-01,31.06
Myanmar,2026-02,32.725
Myanmar,2026-03,34.13333333333333
Myanmar,2026-04,35.443333333333335
Myanmar,2026-05,31.958064516129035
Myanmar,2026-06,30.956666666666667
Myanmar,2026-07,28.044999999999998
Namibia,2024-05,24.470588235294116
Namibia,2024-06,20.803448275862067
Namibia,2024-07,22.348275862068967
Namibia,2024-08,25.980645161290322
Namibia,2024-09,25.736666666666668
Namibia,2024-10,27.348387096774196
Namibia,2024-11,28.446666666666665
Namibia,2024-12,30.87741935483871
Namibia,2025-01,28.958064516129035
Namibia,2025-02,27.739285714285717
Namibia,2025-03,24.0
Namibia,2025-04,21.886666666666667
Namibia,2025-05,18.177419354838708
Namibia,2025-06,15.42
Namibia,2025-07,15.40967741935484
Namibia,2025-08,16.24516129032258
Namibia,2025-09,21.55
Namibia,2025-10,22.903225806451612
Namibia,2025-11,23.533333333333335
Namibia,2025-12,22.274193548387096
Namibia,2026-01,23.706666666666667
Namibia,2026-02,18.835714285714285
Namibia,2026-03,16.74516129032258
Namibia,2026-04,13.72
Namibia,2026-05,7.251612903225807
Namibia,2026-06,4.640000000000001
Namibia,2026-07,2.4500000000000006
Nepal,2024-05,24.941176470588236
Nepal,2024-06,25.59333333333333
Nepal,2024-07,23.839285714285715
Nepal,2024-08,23.148387096774194
Nepal,2024-09,25.240000000000002
Nepal,2024-10,22.496774193548386
Nepal,2024-11,19.826666666666664
Nepal,2024-12,13.654838709677419
Nepal,2025-01,17.61935483870968
Nepal,2025-02,19.607142857142858
Nepal,2025-03,24.26774193548387
Nepal,2025-04,26.15666666666667
Nepal,2025-05,26.161290322580644
Nepal,2025-06,27.44
Nepal,2025-07,27.625806451612902
Nepal,2025-08,26.80322580645161
Nepal,2025-09,27.35666666666667
Nepal,2025-10,24.793548387096774
Nepal,2025-11,21.55
Nepal,2025-12,18.52258064516129
Nepal,2026-01,16.655172413793103
Nepal,2026-02,19.835714285714285
Nepal,2026-03,22.03548387096774
Nepal,2026-04,24.986666666666668
Nepal,2026-05,25.629032258064516
Nepal,2026-06,27.31
Nepal,2026-07,27.175
Netherlands,2024-05,18.235294117647058
Netherlands,2024-06,18.653333333333332
Netherlands,2024-07,20.667857142857144
Netherlands,2024-08,22.838709677419356
Netherlands,2024-09,18.336666666666666
Netherlands,2024-10,13.5
Netherlands,2024-11,7.733333333333333
Netherlands,2024-12,6.94516129032258
Netherlands,2025-01,4.693548387096774
Netherlands,2025-02,4.746428571428572
Netherlands,2025-03,9.3
Netherlands,2025-04,12.75
Netherlands,2025-05,15.538709677419355
Netherlands,2025-06,19.446666666666665
Netherlands,2025-07,20.693548387096776
Netherlands,2025-08,19.31935483870968
Netherlands,2025-09,15.266666666666667
Netherlands,2025-10,11.990322580645161
Netherlands,2025-11,7.65
Netherlands,2025-12,5.848387096774194
Netherlands,2026-01,2.306666666666667
Netherlands,2026-02,4.607142857142857
Netherlands,2026-03,5.67741935483871
Netherlands,2026-04,8.48
Netherlands,2026-05,12.787096774193548
Netherlands,2026-06,17.236666666666668
Netherlands,2026-07,18.565
New Zealand,2024-05,10.5
New Zealand,2024-06,10.553333333333335
New Zealand,2024-07,9.920689655172414
New Zealand,2024-08,10.364516129032259
New Zealand,2024-09,12.02258064516129
New Zealand,2024-10,12.303225806451612
New Zealand,2024-11,13.85
New Zealand,2024-12,15.903225806451612
New Zealand,2025-01,15.82258064516129
New Zealand,2025-02,17.785714285714285
New Zealand,2025-03,16.419354838709676
New Zealand,2025-04,15.94
New Zealand,2025-05,13.296774193548387
New Zealand,2025-06,11.4
New Zealand,2025-07,10.970967741935485
New Zealand,2025-08,10.361290322580645
New Zealand,2025-09,12.813333333333333
New Zealand,2025-10,13.719354838709679
New Zealand,2025-11,16.643333333333334
New Zealand,2025-12,17.25483870967742
New Zealand,2026-01,17.953333333333333
New Zealand,2026-02,18.08214285714286
New Zealand,2026-03,16.917241379310347
New Zealand,2026-04,15.516666666666667
New Zealand,2026-05,13.567741935483872
New Zealand,2026-06,12.863333333333333
New Zealand,2026-07,11.684999999999999
Nicaragua,2024-05,29.188235294117646
Nicaragua,2024-06,26.746666666666666
Nicaragua,2024-07,24.342857142857145
Nicaragua,2024-08,24.1
Nicaragua,2024-09,24.733333333333334
Nicaragua,2024-10,22.823333333333334
Nicaragua,2024-11,22.5
Nicaragua,2024-12,22.712903225806453
Nicaragua,2025-01,23.60666666666667
Nicaragua,2025-02,23.49285714285714
Nicaragua,2025-03,23.980645161290322
Nicaragua,2025-04,25.073333333333334
Nicaragua,2025-05,26.083333333333332
Nicaragua,2025-06,24.073333333333334
Nicaragua,2025-07,24.08709677419355
Nicaragua,2025-08,24.070967741935487
Nicaragua,2025-09,24.38
Nicaragua,2025-10,23.225806451612904
Nicaragua,2025-11,23.026666666666664
Nicaragua,2025-12,22.951612903225808
Nicaragua,2026-01,22.42413793103448
Nicaragua,2026-02,23.692857142857143
Nicaragua,2026-03,25.85666666666667
Nicaragua,2026-04,27.386666666666667
Nicaragua,2026-05,28.31935483870968
Nicaragua,2026-06,26.303333333333335
Nicaragua,2026-07,27.014999999999997
Niger,2024-05,40.588235294117645
Niger,2024-06,37.32
Niger,2024-07,32.81071428571429
Niger,2024-08,30.806451612903224
Niger,2024-09,30.413333333333334
Niger,2024-10,31.63225806451613
Niger,2024-11,27.666666666666668
Niger,2024-12,27.6
Niger,2025-01,28.006451612903227
Niger,2025-02,30.107142857142858
Niger,2025-03,34.38387096774194
Niger,2025-04,34.096666666666664
Niger,2025-05,32.76129032258065
Niger,2025-06,30.34
Niger,2025-07,27.24516129032258
Niger,2025-08,25.751612903225805
Niger,2025-09,26.66
Niger,2025-10,27.429032258064513
Niger,2025-11,24.303333333333335
Niger,2025-12,22.216129032258067
Niger,2026-01,20.696666666666665
Niger,2026-02,22.214285714285715
Niger,2026-03,26.496774193548386
Niger,2026-04,28.279999999999998
Niger,2026-05,30.725806451612904
Niger,2026-06,28.376666666666665
Niger,2026-07,27.48
Nigeria,2024-05,33.3235294117647
Nigeria,2024-06,30.043333333333333
Nigeria,2024-07,27.089655172413792
Nigeria,2024-08,26.361290322580647
Nigeria,2024-09,28.173333333333336
Nigeria,2024-10,27.30322580645161
Nigeria,2024-11,29.19
Nigeria,2024-12,32.72258064516129
Nigeria,2025-01,32.12903225806452
Nigeria,2025-02,32.61785714285715
Nigeria,2025-03,31.22258064516129
Nigeria,2025-04,29.71333333333333
Nigeria,2025-05,27.683870967741935
Nigeria,2025-06,26.033333333333335
Nigeria,2025-07,24.593548387096774
Nigeria,2025-08,23.848387096774193
Nigeria,2025-09,24.39
Nigeria,2025-10,24.664516129032258
Nigeria,2025-11,24.69
Nigeria,2025-12,23.396774193548385
Nigeria,2026-01,22.59333333333333
Nigeria,2026-02,23.782142857142855
Nigeria,2026-03,25.483333333333334
Nigeria,2026-04,25.696666666666665
Nigeria,2026-05,24.364516129032257
Nigeria,2026-06,22.759999999999998
Nigeria,2026-07,22.285
North Korea,2024-05,16.66470588235294
North Korea,2024-06,20.42
North Korea,2024-07,23.57857142857143
North Korea,2024-08,25.05483870967742
North Korea,2024-09,22.029999999999998
North Korea,2024-10,15.780645161290321
North Korea,2024-11,8.556666666666667
North Korea,2024-12,-0.9677419354838679
North Korea,2025-01,-0.7161290322580611
North Korea,2025-02,-0.5499999999999959
North Korea,2025-03,8.535483870967743
North Korea,2025-04,14.49
North Korea,2025-05,19.361290322580647
North Korea,2025-06,25.6
North Korea,2025-07,29.348387096774193
North Korea,2025-08,28.24516129032258
North Korea,2025-09,24.55666666666667
North Korea,2025-10,16.238709677419354
North Korea,2025-11,9.843333333333334
North Korea,2025-12,1.2903225806451628
North Korea,2026-01,-1.3099999999999952
North Korea,2026-02,4.792857142857144
North Korea,2026-03,11.813793103448276
North Korea,2026-04,18.836666666666666
North Korea,2026-05,22.9741935483871
North Korea,2026-06,27.086666666666666
North Korea,2026-07,27.76
Norway,2024-05,19.294117647058822
Norway,2024-06,13.076666666666666
Norway,2024-07,16.275
Norway,2024-08,16.712903225806453
Norway,2024-09,11.826666666666666
Norway,2024-10,9.570967741935483
Norway,2024-11,2.8200000000000007
Norway,2024-12,1.3354838709677435
Norway,2025-01,0.151612903225809
Norway,2025-02,-0.18214285714285344
Norway,2025-03,4.287096774193548
Norway,2025-04,9.286666666666667
Norway,2025-05,11.399999999999999
Norway,2025-06,15.053333333333335
Norway,2025-07,19.919354838709676
Norway,2025-08,15.290322580645162
Norway,2025-09,13.16
Norway,2025-10,8.293548387096775
Norway,2025-11,3.866666666666668
Norway,2025-12,2.9967741935483883
Norway,2026-01,0.893103448275865
Norway,2026-02,1.7821428571428588
Norway,2026-03,1.9866666666666677
Norway,2026-04,5.413333333333333
Norway,2026-05,8.358064516129033
Norway,2026-06,12.535
Norway,2026-07,14.35217391304348
Oman,2024-05,36.76470588235294
Oman,2024-06,36.82666666666667
Oman,2024-07,35.800000000000004
Oman,2024-08,31.93548387096774
Oman,2024-09,32.88
Oman,2024-10,32.52903225806452
Oman,2024-11,30.529999999999998
Oman,2024-12,25.516129032258064
Oman,2025-01,23.845161290322583
Oman,2025-02,25.667857142857144
Oman,2025-03,28.874193548387098
Oman,2025-04,35.693333333333335
Oman,2025-05,37.71612903225807
Oman,2025-06,39.013333333333335
Oman,2025-07,34.12903225806452
Oman,2025-08,34.3
Oman,2025-09,33.72666666666667
Oman,2025-10,33.303225806451614
Oman,2025-11,29.273333333333333
Oman,2025-12,26.164516129032258
Oman,2026-01,23.90666666666667
Oman,2026-02,26.88214285714286
Oman,2026-03,28.276666666666664
Oman,2026-04,32.21666666666667
Oman,2026-05,37.78387096774193
Oman,2026-06,35.336666666666666
Oman,2026-07,34.865
Pakistan,2024-05,34.38823529411765
Pakistan,2024-06,36.72666666666667
Pakistan,2024-07,36.83571428571429
Pakistan,2024-08,31.032258064516128
Pakistan,2024-09,32.27333333333333
Pakistan,2024-10,31.17096774193548
Pakistan,2024-11,25.503333333333334
Pakistan,2024-12,18.87741935483871
Pakistan,2025-01,19.751612903225805
Pakistan,2025-02,20.400000000000002
Pakistan,2025-03,24.506451612903227
Pakistan,2025-04,34.32
Pakistan,2025-05,36.78387096774193
Pakistan,2025-06,37.330000000000005
Pakistan,2025-07,31.896774193548385
Pakistan,2025-08,30.896774193548385
Pakistan,2025-09,31.2
Pakistan,2025-10,27.725806451612904
Pakistan,2025-11,23.336666666666666
Pakistan,2025-12,20.706451612903226
Pakistan,2026-01,16.396666666666665
Pakistan,2026-02,21.25357142857143
Pakistan,2026-03,24.7551724137931
Pakistan,2026-04,27.46333333333333
Pakistan,2026-05,34.690322580645166
Pakistan,2026-06,35.88666666666666
Pakistan,2026-07,36.695
Palau,2024-05,27.0
Palau,2024-06,26.67241379310345
Palau,2024-07,26.97241379310345
Palau,2024-08,27.503225806451614
Palau,2024-09,27.546666666666667
Palau,2024-10,28.638709677419353
Palau,2024-11,28.59
Palau,2024-12,27.787096774193547
Palau,2025-01,27.403225806451612
Palau,2025-02,27.357142857142858
Palau,2025-03,27.551612903225806
Palau,2025-04,28.706666666666667
Palau,2025-05,28.761290322580646
Palau,2025-06,27.996666666666666
Palau,2025-07,28.687096774193545
Palau,2025-08,28.635483870967743
Palau,2025-09,28.976666666666667
Palau,2025-10,28.641935483870967
Palau,2025-11,29.063333333333333
Palau,2025-12,28.864516129032257
Palau,2026-01,29.646666666666665
Palau,2026-02,29.196428571428573
Palau,2026-03,29.19
Palau,2026-04,30.41
Palau,2026-05,29.31935483870968
Palau,2026-06,29.479310344827585
Palau,2026-07,29.294999999999998
Panama,2024-05,28.176470588235293
Panama,2024-06,27.55
Panama,2024-07,26.051724137931036
Panama,2024-08,25.548387096774192
Panama,2024-09,25.91
Panama,2024-10,25.10666666666667
Panama,2024-11,24.848275862068967
Panama,2024-12,24.55483870967742
Panama,2025-01,24.956666666666667
Panama,2025-02,24.853571428571428
Panama,2025-03,25.080645161290324
Panama,2025-04,25.723333333333336
Panama,2025-05,25.796666666666667
Panama,2025-06,25.616666666666667
Panama,2025-07,25.629032258064516
Panama,2025-08,25.383870967741935
Panama,2025-09,25.38
Panama,2025-10,25.212903225806453
Panama,2025-11,25.256666666666668
Panama,2025-12,25.01290322580645
Panama,2026-01,24.89333333333333
Panama,2026-02,24.460714285714285
Panama,2026-03,24.541935483870965
Panama,2026-04,25.86
Panama,2026-05,26.916129032258063
Panama,2026-06,26.363333333333333
Panama,2026-07,27.335
Papua New Guinea,2024-05,25.6375
Papua New Guinea,2024-06,25.02258064516129
Papua New Guinea,2024-07,24.414285714285715
Papua New Guinea,2024-08,25.27741935483871
Papua New Guinea,2024-09,26.223333333333336
Papua New Guinea,2024-10,26.067741935483873
Papua New Guinea,2024-11,27.483333333333334
Papua New Guinea,2024-12,26.932258064516127
Papua New Guinea,2025-01,27.190322580645162
Papua New Guinea,2025-02,26.982142857142858
Papua New Guinea,2025-03,27.041935483870965
Papua New Guinea,2025-04,27.033333333333335
Papua New Guinea,2025-05,27.6
Papua New Guinea,2025-06,27.31
Papua New Guinea,2025-07,27.200000000000003
Papua New Guinea,2025-08,26.887096774193548
Papua New Guinea,2025-09,26.073333333333334
Papua New Guinea,2025-10,26.538709677419355
Papua New Guinea,2025-11,27.496666666666666
Papua New Guinea,2025-12,28.861290322580647
Papua New Guinea,2026-01,27.65666666666667
Papua New Guinea,2026-02,28.289285714285715
Papua New Guinea,2026-03,27.6
Papua New Guinea,2026-04,27.4
Papua New Guinea,2026-05,27.748387096774195
Papua New Guinea,2026-06,27.173333333333336
Papua New Guinea,2026-07,26.6
Paraguay,2024-05,19.423529411764704
Paraguay,2024-06,25.146666666666665
Paraguay,2024-07,15.189655172413794
Paraguay,2024-08,18.12258064516129
Paraguay,2024-09,22.59
Paraguay,2024-10,23.04516129032258
Paraguay,2024-11,22.529999999999998
Paraguay,2024-12,22.04516129032258
Paraguay,2025-01,24.64333333333333
Paraguay,2025-02,24.928571428571427
Paraguay,2025-03,22.23225806451613
Paraguay,2025-04,17.959999999999997
Paraguay,2025-05,18.31935483870968
Paraguay,2025-06,12.87
Paraguay,2025-07,14.432258064516128
Paraguay,2025-08,17.36774193548387
Paraguay,2025-09,23.163333333333334
Paraguay,2025-10,21.85483870967742
Paraguay,2025-11,23.026666666666664
Paraguay,2025-12,23.751612903225805
Paraguay,2026-01,23.176666666666666
Paraguay,2026-02,25.067857142857143
Paraguay,2026-03,24.273333333333333
Paraguay,2026-04,23.12
Paraguay,2026-05,18.52258064516129
Paraguay,2026-06,16.923333333333332
Paraguay,2026-07,19.830000000000002
Peru,2024-05,18.11764705882353
Peru,2024-06,17.136666666666667
Peru,2024-07,15.360714285714286
Peru,2024-08,15.167741935483871
Peru,2024-09,15.156666666666666
Peru,2024-10,16.13
Peru,2024-11,17.348275862068967
Peru,2024-12,18.51290322580645
Peru,2025-01,19.873333333333335
Peru,2025-02,21.603571428571428
Peru,2025-03,21.238709677419354
Peru,2025-04,18.736666666666668
Peru,2025-05,16.9
Peru,2025-06,16.136666666666667
Peru,2025-07,15.077419354838709
Peru,2025-08,14.780645161290321
Peru,2025-09,15.370000000000001
Peru,2025-10,16.651612903225807
Peru,2025-11,17.35
Peru,2025-12,18.56451612903226
Peru,2026-01,21.253333333333334
Peru,2026-02,22.978571428571428
Peru,2026-03,22.223333333333336
Peru,2026-04,20.953333333333333
Peru,2026-05,19.82903225806452
Peru,2026-06,19.0
Peru,2026-07,18.1
Philippines,2024-05,30.375
Philippines,2024-06,28.853333333333335
Philippines,2024-07,28.36896551724138
Philippines,2024-08,28.812903225806455
Philippines,2024-09,28.723333333333336
Philippines,2024-10,29.638709677419357
Philippines,2024-11,30.173333333333336
Philippines,2024-12,28.038709677419355
Philippines,2025-01,28.229032258064517
Philippines,2025-02,28.964285714285715
Philippines,2025-03,31.016129032258064
Philippines,2025-04,34.21333333333334
Philippines,2025-05,33.73548387096774
Philippines,2025-06,30.276666666666667
Philippines,2025-07,29.26451612903226
Philippines,2025-08,29.638709677419353
Philippines,2025-09,29.23
Philippines,2025-10,30.529032258064515
Philippines,2025-11,30.866666666666667
Philippines,2025-12,29.73548387096774
Philippines,2026-01,29.116666666666667
Philippines,2026-02,30.657142857142855
Philippines,2026-03,31.916666666666668
Philippines,2026-04,34.983333333333334
Philippines,2026-05,35.15161290322581
Philippines,2026-06,31.916666666666668
Philippines,2026-07,32.160000000000004
Poland,2024-05,23.58823529411765
Poland,2024-06,23.94333333333333
Poland,2024-07,26.482758620689655
Poland,2024-08,26.34193548387097
Poland,2024-09,22.763333333333332
Poland,2024-10,12.625806451612902
Poland,2024-11,4.663333333333333
Poland,2024-12,3.4096774193548387
Poland,2025-01,3.3451612903225807
Poland,2025-02,1.239285714285716
Poland,2025-03,9.332258064516129
Poland,2025-04,13.44
Poland,2025-05,13.887096774193548
Poland,2025-06,20.083333333333332
Poland,2025-07,21.051612903225806
Poland,2025-08,20.638709677419353
Poland,2025-09,16.5
Poland,2025-10,8.26774193548387
Poland,2025-11,3.8200000000000003
Poland,2025-12,2.8645161290322587
Poland,2026-01,-1.2299999999999953
Poland,2026-02,-0.0785714285714251
Poland,2026-03,3.7322580645161296
Poland,2026-04,6.296666666666667
Poland,2026-05,14.154838709677419
Poland,2026-06,18.11
Poland,2026-07,17.45
Polônia,2024-07,27.7
Portugal,2024-05,23.11764705882353
Portugal,2024-06,23.34333333333333
Portugal,2024-07,26.98148148148148
Portugal,2024-08,27.003225806451614
Portugal,2024-09,22.7
Portugal,2024-10,18.793548387096774
Portugal,2024-11,14.69
Portugal,2024-12,11.206451612903225
Portugal,2025-01,12.35483870967742
Portugal,2025-02,12.289285714285715
Portugal,2025-03,12.845161290322581
Portugal,2025-04,15.523333333333333
Portugal,2025-05,17.603225806451615
Portugal,2025-06,21.333333333333332
Portugal,2025-07,22.038709677419355
Portugal,2025-08,21.129032258064516
Portugal,2025-09,18.166666666666668
Portugal,2025-10,17.929032258064513
Portugal,2025-11,13.09
Portugal,2025-12,10.100000000000001
Portugal,2026-01,10.873333333333333
Portugal,2026-02,11.450000000000001
Portugal,2026-03,11.561290322580644
Portugal,2026-04,13.17
Portugal,2026-05,14.54516129032258
Portugal,2026-06,17.93
Portugal,2026-07,19.915
Qatar,2024-05,37.11764705882353
Qatar,2024-06,38.99
Qatar,2024-07,40.793103448275865
Qatar,2024-08,38.75483870967742
Qatar,2024-09,38.233333333333334
Qatar,2024-10,34.413333333333334
Qatar,2024-11,29.98
Qatar,2024-12,24.112903225806452
Qatar,2025-01,22.335483870967742
Qatar,2025-02,22.310714285714287
Qatar,2025-03,26.403225806451612
Qatar,2025-04,35.17666666666666
Qatar,2025-05,39.76129032258064
Qatar,2025-06,41.67333333333333
Qatar,2025-07,41.37096774193548
Qatar,2025-08,40.34516129032258
Qatar,2025-09,38.17333333333333
Qatar,2025-10,33.13870967741936
Qatar,2025-11,28.40666666666667
Qatar,2025-12,23.583870967741937
Qatar,2026-01,19.77
Qatar,2026-02,23.342857142857145
Qatar,2026-03,23.727586206896554
Qatar,2026-04,27.926666666666666
Qatar,2026-05,35.667741935483875
Qatar,2026-06,38.36666666666667
Qatar,2026-07,38.394999999999996
Romania,2024-05,22.647058823529413
Romania,2024-06,31.826666666666664
Romania,2024-07,33.9
Romania,2024-08,32.97741935483871
Romania,2024-09,25.19333333333333
Romania,2024-10,17.648387096774194
Romania,2024-11,6.7
Romania,2024-12,6.141935483870968
Romania,2025-01,7.070967741935483
Romania,2025-02,1.2607142857142868
Romania,2025-03,12.906451612903227
Romania,2025-04,14.389999999999999
Romania,2025-05,18.29032258064516
Romania,2025-06,27.65
Romania,2025-07,29.096774193548388
Romania,2025-08,26.593548387096774
Romania,2025-09,21.02
Romania,2025-10,11.316129032258065
Romania,2025-11,7.903333333333333
Romania,2025-12,2.4096774193548396
Romania,2026-01,0.21000000000000243
Romania,2026-02,0.5535714285714308
Romania,2026-03,5.031034482758621
Romania,2026-04,10.263333333333332
Romania,2026-05,15.948387096774194
Romania,2026-06,21.93
Romania,2026-07,22.29
Russia,2024-05,22.294117647058822
Russia,2024-06,22.37837837837838
Russia,2024-07,26.082857142857144
Russia,2024-08,23.4741935483871
Russia,2024-09,22.436666666666667
Russia,2024-10,9.235483870967743
Russia,2024-11,1.4400000000000008
Russia,2024-12,-0.7612903225806424
Russia,2025-01,0.8322580645161313
Russia,2025-02,-1.0535714285714246
Russia,2025-03,5.680645161290323
Russia,2025-04,10.386666666666667
Russia,2025-05,15.480645161290322
Russia,2025-06,18.63
Russia,2025-07,23.951612903225808
Russia,2025-08,18.05483870967742
Russia,2025-09,15.053333333333335
Russia,2025-10,7.148387096774194
Russia,2025-11,3.286666666666667
Russia,2025-12,-0.48157894736841816
Russia,2026-01,-1.5999999999999943
Russia,2026-02,-1.49523809523809
Russia,2026-03,2.473529411764707
Russia,2026-04,5.3578947368421055
Russia,2026-05,15.27741935483871
Russia,2026-06,18.776666666666664
Russia,2026-07,18.869999999999997
Rwanda,2024-05,26.764705882352942
Rwanda,2024-06,26.396666666666665
Rwanda,2024-07,28.49285714285714
Rwanda,2024-08,28.480645161290322
Rwanda,2024-09,27.65
Rwanda,2024-10,26.009677419354837
Rwanda,2024-11,23.990000000000002
Rwanda,2024-12,24.638709677419353
Rwanda,2025-01,25.30322580645161
Rwanda,2025-02,26.235714285714288
Rwanda,2025-03,24.15806451612903
Rwanda,2025-04,23.226666666666667
Rwanda,2025-05,22.67096774193548
Rwanda,2025-06,22.623333333333335
Rwanda,2025-07,23.051612903225806
Rwanda,2025-08,22.40967741935484
Rwanda,2025-09,23.423333333333336
Rwanda,2025-10,22.364516129032257
Rwanda,2025-11,21.459999999999997
Rwanda,2025-12,20.46451612903226
Rwanda,2026-01,21.166666666666668
Rwanda,2026-02,19.732142857142858
Rwanda,2026-03,19.193548387096776
Rwanda,2026-04,19.93
Rwanda,2026-05,20.37741935483871
Rwanda,2026-06,19.46333333333333
Rwanda,2026-07,20.07
Saint Kitts and Nevis,2024-05,29.764705882352942
Saint Kitts and Nevis,2024-06,30.226666666666667
Saint Kitts and Nevis,2024-07,28.74827586206897
Saint Kitts and Nevis,2024-08,28.503225806451614
Saint Kitts and Nevis,2024-09,28.376666666666665
Saint Kitts and Nevis,2024-10,28.6
Saint Kitts and Nevis,2024-11,27.144827586206898
Saint Kitts and Nevis,2024-12,25.596774193548388
Saint Kitts and Nevis,2025-01,24.883333333333333
Saint Kitts and Nevis,2025-02,24.592857142857145
Saint Kitts and Nevis,2025-03,24.52258064516129
Saint Kitts and Nevis,2025-04,25.1
Saint Kitts and Nevis,2025-05,26.296774193548387
Saint Kitts and Nevis,2025-06,27.05666666666667
Saint Kitts and Nevis,2025-07,27.093548387096774
Saint Kitts and Nevis,2025-08,27.716129032258067
Saint Kitts and Nevis,2025-09,27.6
Saint Kitts and Nevis,2025-10,27.322580645161292
Saint Kitts and Nevis,2025-11,26.35
Saint Kitts and Nevis,2025-12,25.23225806451613
Saint Kitts and Nevis,2026-01,24.85
Saint Kitts and Nevis,2026-02,24.160714285714285
Saint Kitts and Nevis,2026-03,24.720000000000002
Saint Kitts and Nevis,2026-04,25.05
Saint Kitts and Nevis,2026-05,26.25483870967742
Saint Kitts and Nevis,2026-06,26.946666666666665
Saint Kitts and Nevis,2026-07,27.305
Saint Lucia,2024-05,29.941176470588236
Saint Lucia,2024-06,29.709999999999997
Saint Lucia,2024-07,29.013793103448275
Saint Lucia,2024-08,28.61935483870968
Saint Lucia,2024-09,27.973333333333336
Saint Lucia,2024-10,27.261290322580646
Saint Lucia,2024-11,26.75862068965517
Saint Lucia,2024-12,25.980645161290322
Saint Lucia,2025-01,25.96333333333333
Saint Lucia,2025-02,25.70357142857143
Saint Lucia,2025-03,25.812903225806455
Saint Lucia,2025-04,26.279999999999998
Saint Lucia,2025-05,26.641935483870967
Saint Lucia,2025-06,27.173333333333336
Saint Lucia,2025-07,27.203225806451613
Saint Lucia,2025-08,27.61935483870968
Saint Lucia,2025-09,27.46
Saint Lucia,2025-10,27.425806451612903
Saint Lucia,2025-11,27.05666666666667
Saint Lucia,2025-12,25.925806451612903
Saint Lucia,2026-01,26.14
Saint Lucia,2026-02,26.09642857142857
Saint Lucia,2026-03,25.825806451612905
Saint Lucia,2026-04,26.313333333333333
Saint Lucia,2026-05,26.84193548387097
Saint Lucia,2026-06,27.153333333333332
Saint Lucia,2026-07,27.575
Saint Vincent and the Grenadines,2024-05,29.870588235294118
Saint Vincent and the Grenadines,2024-06,29.413333333333334
Saint Vincent and the Grenadines,2024-07,28.542857142857144
Saint Vincent and the Grenadines,2024-08,28.567741935483873
Saint Vincent and the Grenadines,2024-09,29.103333333333335
Saint Vincent and the Grenadines,2024-10,28.906451612903226
Saint Vincent and the Grenadines,2024-11,28.43793103448276
Saint Vincent and the Grenadines,2024-12,27.26451612903226
Saint Vincent and the Grenadines,2025-01,26.623333333333335
Saint Vincent and the Grenadines,2025-02,26.075
Saint Vincent and the Grenadines,2025-03,25.325806451612905
Saint Vincent and the Grenadines,2025-04,25.63
Saint Vincent and the Grenadines,2025-05,26.56451612903226
Saint Vincent and the Grenadines,2025-06,26.823333333333334
Saint Vincent and the Grenadines,2025-07,27.312903225806455
Saint Vincent and the Grenadines,2025-08,27.793548387096774
Saint Vincent and the Grenadines,2025-09,27.676666666666666
Saint Vincent and the Grenadines,2025-10,27.541935483870965
Saint Vincent and the Grenadines,2025-11,27.16
Saint Vincent and the Grenadines,2025-12,26.10967741935484
Saint Vincent and the Grenadines,2026-01,26.15
Saint Vincent and the Grenadines,2026-02,26.210714285714285
Saint Vincent and the Grenadines,2026-03,25.87
Saint Vincent and the Grenadines,2026-04,26.353333333333335
Saint Vincent and the Grenadines,2026-05,26.95483870967742
Saint Vincent and the Grenadines,2026-06,26.96333333333333
Saint Vincent and the Grenadines,2026-07,27.095
Saint-Vincent-et-les-Grenadines,2024-07,27.8
Samoa,2024-05,25.8125
Samoa,2024-06,25.75
Samoa,2024-07,24.932142857142857
Samoa,2024-08,24.79032258064516
Samoa,2024-09,24.345161290322583
Samoa,2024-10,26.253333333333334
Samoa,2024-11,26.103448275862068
Samoa,2024-12,26.251612903225805
Samoa,2025-01,25.753333333333334
Samoa,2025-02,26.175
Samoa,2025-03,26.032258064516128
Samoa,2025-04,26.23
Samoa,2025-05,25.970000000000002
Samoa,2025-06,25.293333333333333
Samoa,2025-07,25.051612903225806
Samoa,2025-08,25.33225806451613
Samoa,2025-09,25.203333333333333
Samoa,2025-10,25.503225806451614
Samoa,2025-11,26.1
Samoa,2025-12,26.858064516129033
Samoa,2026-01,27.627586206896552
Samoa,2026-02,27.810714285714287
Samoa,2026-03,27.38
Samoa,2026-04,28.183333333333334
Samoa,2026-05,27.190322580645162
Samoa,2026-06,26.186666666666667
Samoa,2026-07,25.235
San Marino,2024-05,21.058823529411764
San Marino,2024-06,25.57037037037037
San Marino,2024-07,29.63448275862069
San Marino,2024-08,29.5
San Marino,2024-09,23.546666666666667
San Marino,2024-10,18.848387096774193
San Marino,2024-11,11.629999999999999
San Marino,2024-12,8.829032258064515
San Marino,2025-01,10.003225806451614
San Marino,2025-02,9.528571428571428
San Marino,2025-03,11.880645161290323
San Marino,2025-04,15.893333333333334
San Marino,2025-05,19.23225806451613
San Marino,2025-06,26.44
San Marino,2025-07,26.516129032258064
San Marino,2025-08,25.958064516129035
San Marino,2025-09,21.423333333333336
San Marino,2025-10,14.80967741935484
San Marino,2025-11,9.356666666666666
San Marino,2025-12,6.441935483870967
San Marino,2026-01,4.95
San Marino,2026-02,7.925
San Marino,2026-03,8.209677419354838
San Marino,2026-04,13.4
San Marino,2026-05,17.39032258064516
San Marino,2026-06,22.50344827586207
San Marino,2026-07,24.134999999999998
Saudi Arabia,2024-05,40.23529411764706
Saudi Arabia,2024-06,43.656666666666666
Saudi Arabia,2024-07,43.278571428571425
Saudi Arabia,2024-08,43.358064516129026
Saudi Arabia,2024-09,39.769999999999996
Saudi Arabia,2024-10,33.061290322580646
Saudi Arabia,2024-11,27.148275862068964
Saudi Arabia,2024-12,21.725806451612904
Saudi Arabia,2025-01,17.780645161290323
Saudi Arabia,2025-02,19.210714285714285
Saudi Arabia,2025-03,24.887096774193548
Saudi Arabia,2025-04,33.73
Saudi Arabia,2025-05,38.03225806451613
Saudi Arabia,2025-06,40.45
Saudi Arabia,2025-07,41.47096774193548
Saudi Arabia,2025-08,40.99677419354839
Saudi Arabia,2025-09,37.09666666666667
Saudi Arabia,2025-10,29.896774193548385
Saudi Arabia,2025-11,23.183333333333334
Saudi Arabia,2025-12,16.961290322580645
Saudi Arabia,2026-01,13.76
Saudi Arabia,2026-02,19.396428571428572
Saudi Arabia,2026-03,19.887096774193548
Saudi Arabia,2026-04,25.003333333333334
Saudi Arabia,2026-05,32.622580645161285
Saudi Arabia,2026-06,35.93666666666666
Saudi Arabia,2026-07,35.79
Saudi Arabien,2024-07,45.0
Senegal,2024-05,26.647058823529413
Senegal,2024-06,27.573333333333334
Senegal,2024-07,28.086206896551722
Senegal,2024-08,28.741935483870968
Senegal,2024-09,28.34
Senegal,2024-10,27.66774193548387
Senegal,2024-11,26.153333333333332
Senegal,2024-12,25.138709677419353
Senegal,2025-01,22.32903225806452
Senegal,2025-02,20.239285714285717
Senegal,2025-03,20.561290322580643
Senegal,2025-04,21.3
Senegal,2025-05,22.783870967741933
Senegal,2025-06,25.55
Senegal,2025-07,26.893548387096775
Senegal,2025-08,27.258064516129032
Senegal,2025-09,27.126666666666665
Senegal,2025-10,27.538709677419355
Senegal,2025-11,26.883333333333333
Senegal,2025-12,20.729032258064517
Senegal,2026-01,19.296666666666667
Senegal,2026-02,19.646428571428572
Senegal,2026-03,19.325806451612905
Senegal,2026-04,20.546666666666667
Senegal,2026-05,21.493548387096773
Senegal,2026-06,25.133928571428573
Senegal,2026-07,26.375
Serbia,2024-05,23.823529411764707
Serbia,2024-06,29.323333333333334
Serbia,2024-07,32.278571428571425
Serbia,2024-08,33.619354838709675
Serbia,2024-09,23.813333333333333
Serbia,2024-10,17.11935483870968
Serbia,2024-11,7.39
Serbia,2024-12,4.851612903225806
Serbia,2025-01,5.787096774193548
Serbia,2025-02,4.525
Serbia,2025-03,12.816129032258065
Serbia,2025-04,14.92
Serbia,2025-05,17.835483870967742
Serbia,2025-06,26.27
Serbia,2025-07,25.812903225806455
Serbia,2025-08,25.458064516129035
Serbia,2025-09,21.06
Serbia,2025-10,11.506451612903225
Serbia,2025-11,6.766666666666667
Serbia,2025-12,2.5419354838709682
Serbia,2026-01,1.2233333333333354
Serbia,2026-02,3.432142857142858
Serbia,2026-03,6.487096774193549
Serbia,2026-04,9.996666666666666
Serbia,2026-05,15.274193548387096
Serbia,2026-06,20.743333333333332
Serbia,2026-07,21.305
Seychelles Islands,2024-05,28.823529411764707
Seychelles Islands,2024-06,28.42413793103448
Seychelles Islands,2024-07,27.17241379310345
Seychelles Islands,2024-08,26.9741935483871
Seychelles Islands,2024-09,28.30666666666667
Seychelles Islands,2024-10,27.287096774193547
Seychelles Islands,2024-11,28.44
Seychelles Islands,2024-12,28.274193548387096
Seychelles Islands,2025-01,28.816129032258065
Seychelles Islands,2025-02,29.967857142857145
Seychelles Islands,2025-03,29.993548387096777
Seychelles Islands,2025-04,30.866666666666667
Seychelles Islands,2025-05,30.780645161290323
Seychelles Islands,2025-06,29.4
Seychelles Islands,2025-07,28.1
Seychelles Islands,2025-08,27.822580645161292
Seychelles Islands,2025-09,28.073333333333334
Seychelles Islands,2025-10,29.10967741935484
Seychelles Islands,2025-11,29.416666666666668
Seychelles Islands,2025-12,28.88064516129032
Seychelles Islands,2026-01,28.446666666666665
Seychelles Islands,2026-02,29.65357142857143
Seychelles Islands,2026-03,29.79310344827586
Seychelles Islands,2026-04,30.526666666666667
Seychelles Islands,2026-05,29.470967741935485
Seychelles Islands,2026-06,27.524137931034485
Seychelles Islands,2026-07,27.514999999999997
Sierra Leone,2024-05,29.211764705882356
Sierra Leone,2024-06,28.724137931034484
Sierra Leone,2024-07,26.24285714285714
Sierra Leone,2024-08,25.89032258064516
Sierra Leone,2024-09,26.453333333333333
Sierra Leone,2024-10,25.887096774193548
Sierra Leone,2024-11,26.783333333333335
Sierra Leone,2024-12,27.67096774193548
Sierra Leone,2025-01,27.467741935483872
Sierra Leone,2025-02,27.150000000000002
Sierra Leone,2025-03,26.241935483870968
Sierra Leone,2025-04,26.84
Sierra Leone,2025-05,26.219354838709677
Sierra Leone,2025-06,25.89
Sierra Leone,2025-07,24.270967741935483
Sierra Leone,2025-08,24.16774193548387
Sierra Leone,2025-09,24.366666666666667
Sierra Leone,2025-10,25.11
Sierra Leone,2025-11,24.956666666666667
Sierra Leone,2025-12,24.325806451612905
Sierra Leone,2026-01,24.896666666666665
Sierra Leone,2026-02,24.8
Sierra Leone,2026-03,25.096666666666668
Sierra Leone,2026-04,24.953333333333333
Sierra Leone,2026-05,25.467741935483872
Sierra Leone,2026-06,25.113333333333333
Sierra Leone,2026-07,25.155
Singapore,2024-05,28.294117647058822
Singapore,2024-06,28.36
Singapore,2024-07,28.896551724137932
Singapore,2024-08,28.809677419354838
Singapore,2024-09,29.69333333333333
Singapore,2024-10,29.706451612903226
Singapore,2024-11,27.966666666666665
Singapore,2024-12,28.48709677419355
Singapore,2025-01,28.0
Singapore,2025-02,29.192857142857143
Singapore,2025-03,29.393548387096775
Singapore,2025-04,29.946666666666665
Singapore,2025-05,30.993548387096777
Singapore,2025-06,31.263333333333332
Singapore,2025-07,31.54516129032258
Singapore,2025-08,30.23548387096774
Singapore,2025-09,29.92
Singapore,2025-10,31.383870967741935
Singapore,2025-11,30.48
Singapore,2025-12,29.951612903225808
Singapore,2026-01,30.8
Singapore,2026-02,30.61785714285714
Singapore,2026-03,31.783333333333335
Singapore,2026-04,31.36
Singapore,2026-05,30.63225806451613
Singapore,2026-06,30.90666666666667
Singapore,2026-07,31.32
Slovakia,2024-05,21.235294117647058
Slovakia,2024-06,25.433333333333334
Slovakia,2024-07,29.25357142857143
Slovakia,2024-08,30.19677419354839
Slovakia,2024-09,20.779999999999998
Slovakia,2024-10,13.7
Slovakia,2024-11,5.636666666666667
Slovakia,2024-12,4.319354838709677
Slovakia,2025-01,3.4806451612903238
Slovakia,2025-02,3.007142857142857
Slovakia,2025-03,10.264516129032257
Slovakia,2025-04,14.4
Slovakia,2025-05,16.18064516129032
Slovakia,2025-06,23.433333333333334
Slovakia,2025-07,22.893548387096775
Slovakia,2025-08,21.787096774193547
Slovakia,2025-09,17.586666666666666
Slovakia,2025-10,10.661290322580646
Slovakia,2025-11,4.793333333333334
Slovakia,2025-12,2.803225806451613
Slovakia,2026-01,-0.03333333333333031
Slovakia,2026-02,2.5857142857142863
Slovakia,2026-03,5.003225806451613
Slovakia,2026-04,9.356666666666666
Slovakia,2026-05,15.496774193548388
Slovakia,2026-06,20.666666666666668
Slovakia,2026-07,21.375
Slovenia,2024-05,19.294117647058822
Slovenia,2024-06,24.57
Slovenia,2024-07,28.54137931034483
Slovenia,2024-08,29.91290322580645
Slovenia,2024-09,20.173333333333336
Slovenia,2024-10,14.283870967741937
Slovenia,2024-11,6.446666666666667
Slovenia,2024-12,3.9000000000000004
Slovenia,2025-01,4.074193548387098
Slovenia,2025-02,3.2285714285714286
Slovenia,2025-03,8.903225806451612
Slovenia,2025-04,13.943333333333333
Slovenia,2025-05,17.10967741935484
Slovenia,2025-06,24.483333333333334
Slovenia,2025-07,22.47741935483871
Slovenia,2025-08,21.703225806451613
Slovenia,2025-09,18.69333333333333
Slovenia,2025-10,10.651612903225805
Slovenia,2025-11,3.5700000000000007
Slovenia,2025-12,2.016129032258066
Slovenia,2026-01,0.10666666666666932
Slovenia,2026-02,1.8285714285714294
Slovenia,2026-03,3.4566666666666666
Slovenia,2026-04,9.046666666666665
Slovenia,2026-05,13.509677419354839
Slovenia,2026-06,18.113333333333333
Slovenia,2026-07,18.35
Solomon Islands,2024-05,25.98125
Solomon Islands,2024-06,25.423333333333336
Solomon Islands,2024-07,25.209999999999997
Solomon Islands,2024-08,25.206451612903226
Solomon Islands,2024-09,26.006666666666668
Solomon Islands,2024-10,26.683870967741935
Solomon Islands,2024-11,27.48
Solomon Islands,2024-12,26.583870967741937
Solomon Islands,2025-01,26.62258064516129
Solomon Islands,2025-02,26.571428571428573
Solomon Islands,2025-03,26.858064516129033
Solomon Islands,2025-04,27.016666666666666
Solomon Islands,2025-05,27.27741935483871
Solomon Islands,2025-06,26.84
Solomon Islands,2025-07,26.893548387096775
Solomon Islands,2025-08,27.770967741935483
Solomon Islands,2025-09,27.86
Solomon Islands,2025-10,28.05483870967742
Solomon Islands,2025-11,28.576666666666664
Solomon Islands,2025-12,28.97741935483871
Solomon Islands,2026-01,28.60666666666667
Solomon Islands,2026-02,29.62142857142857
Solomon Islands,2026-03,28.506666666666668
Solomon Islands,2026-04,29.56
Solomon Islands,2026-05,29.958064516129035
Solomon Islands,2026-06,29.57
Solomon Islands,2026-07,28.639999999999997
Somalia,2024-05,29.599999999999998
Somalia,2024-06,28.526666666666664
Somalia,2024-07,27.592857142857145
Somalia,2024-08,27.5258064516129
Somalia,2024-09,28.94
Somalia,2024-10,28.296774193548387
Somalia,2024-11,29.783333333333335
Somalia,2024-12,29.516129032258064
Somalia,2025-01,28.758064516129032
Somalia,2025-02,29.15357142857143
Somalia,2025-03,30.18064516129032
Somalia,2025-04,31.153333333333332
Somalia,2025-05,30.061290322580643
Somalia,2025-06,28.88
Somalia,2025-07,28.216129032258067
Somalia,2025-08,27.241935483870968
Somalia,2025-09,28.279999999999998
Somalia,2025-10,28.358064516129033
Somalia,2025-11,28.75
Somalia,2025-12,28.52258064516129
Somalia,2026-01,27.62
Somalia,2026-02,27.928571428571427
Somalia,2026-03,29.56896551724138
Somalia,2026-04,29.716666666666665
Somalia,2026-05,29.387096774193548
Somalia,2026-06,26.92
Somalia,2026-07,26.860000000000003
South Africa,2024-05,23.023529411764706
South Africa,2024-06,18.946666666666665
South Africa,2024-07,20.593103448275862
South Africa,2024-08,23.629032258064516
South Africa,2024-09,23.933333333333334
South Africa,2024-10,24.138709677419353
South Africa,2024-11,25.696666666666665
South Africa,2024-12,27.580645161290324
South Africa,2025-01,26.42258064516129
South Africa,2025-02,26.075
South Africa,2025-03,23.887096774193548
South Africa,2025-04,20.03666666666667
South Africa,2025-05,17.548387096774192
South Africa,2025-06,14.520000000000001
South Africa,2025-07,13.980645161290322
South Africa,2025-08,16.654838709677417
South Africa,2025-09,20.12
South Africa,2025-10,20.187096774193545
South Africa,2025-11,19.240000000000002
South Africa,2025-12,20.23548387096774
South Africa,2026-01,21.07
South Africa,2026-02,20.210714285714285
South Africa,2026-03,18.39333333333333
South Africa,2026-04,17.34
South Africa,2026-05,11.716129032258063
South Africa,2026-06,8.313333333333334
South Africa,2026-07,5.220000000000001
South Korea,2024-05,16.705882352941178
South Korea,2024-06,21.733333333333334
South Korea,2024-07,25.47142857142857
South Korea,2024-08,28.183870967741935
South Korea,2024-09,25.613333333333333
South Korea,2024-10,18.283870967741933
South Korea,2024-11,11.896666666666667
South Korea,2024-12,0.7677419354838723
South Korea,2025-01,0.17096774193548608
South Korea,2025-02,1.2571428571428593
South Korea,2025-03,9.66451612903226
South Korea,2025-04,15.79
South Korea,2025-05,20.416129032258063
South Korea,2025-06,26.326666666666668
South Korea,2025-07,31.112903225806452
South Korea,2025-08,30.938709677419357
South Korea,2025-09,27.003333333333334
South Korea,2025-10,19.64516129032258
South Korea,2025-11,12.936666666666667
South Korea,2025-12,4.5838709677419365
South Korea,2026-01,0.6833333333333352
South Korea,2026-02,7.146428571428572
South Korea,2026-03,13.413793103448276
South Korea,2026-04,19.916666666666668
South Korea,2026-05,24.1
South Korea,2026-06,28.606451612903225
South Korea,2026-07,29.415
Spain,2024-05,24.13529411764706
Spain,2024-06,26.709999999999997
Spain,2024-07,33.760714285714286
Spain,2024-08,32.9
Spain,2024-09,22.456666666666667
Spain,2024-10,16.48709677419355
Spain,2024-11,11.533333333333333
Spain,2024-12,8.183870967741935
Spain,2025-01,7.067741935483871
Spain,2025-02,8.475
Spain,2025-03,8.541935483870969
Spain,2025-04,13.106666666666666
Spain,2025-05,17.05806451612903
Spain,2025-06,25.59
Spain,2025-07,24.506451612903227
Spain,2025-08,25.258064516129032
Spain,2025-09,18.506666666666668
Spain,2025-10,14.17741935483871
Spain,2025-11,6.53
Spain,2025-12,5.551612903225807
Spain,2026-01,3.8466666666666667
Spain,2026-02,6.528571428571429
Spain,2026-03,6.638709677419355
Spain,2026-04,11.31
Spain,2026-05,14.254838709677419
Spain,2026-06,20.776666666666664
Spain,2026-07,21.925
Sri Lanka,2024-05,27.052941176470586
Sri Lanka,2024-06,28.34
Sri Lanka,2024-07,28.650000000000002
Sri Lanka,2024-08,28.77741935483871
Sri Lanka,2024-09,31.15666666666667
Sri Lanka,2024-10,28.91290322580645
Sri Lanka,2024-11,29.216666666666665
Sri Lanka,2024-12,29.60967741935484
Sri Lanka,2025-01,29.206451612903226
Sri Lanka,2025-02,31.928571428571427
Sri Lanka,2025-03,31.451612903225808
Sri Lanka,2025-04,31.943333333333335
Sri Lanka,2025-05,30.970967741935485
Sri Lanka,2025-06,30.526666666666664
Sri Lanka,2025-07,30.190322580645162
Sri Lanka,2025-08,30.074193548387097
Sri Lanka,2025-09,30.283333333333335
Sri Lanka,2025-10,30.73548387096774
Sri Lanka,2025-11,29.946666666666665
Sri Lanka,2025-12,30.280645161290323
Sri Lanka,2026-01,29.986666666666668
Sri Lanka,2026-02,30.607142857142858
Sri Lanka,2026-03,31.851612903225806
Sri Lanka,2026-04,32.63666666666667
Sri Lanka,2026-05,30.641935483870967
Sri Lanka,2026-06,29.826666666666664
Sri Lanka,2026-07,30.810000000000002
Sudan,2024-05,40.19117647058823
Sudan,2024-06,39.09661016949152
Sudan,2024-07,34.49824561403509
Sudan,2024-08,30.27258064516129
Sudan,2024-09,33.028333333333336
Sudan,2024-10,32.575806451612905
Sudan,2024-11,27.628333333333334
Sudan,2024-12,27.26451612903226
Sudan,2025-01,26.398387096774194
Sudan,2025-02,28.758928571428573
Sudan,2025-03,30.072580645161292
Sudan,2025-04,33.78
Sudan,2025-05,34.83387096774193
Sudan,2025-06,34.64833333333333
Sudan,2025-07,30.26451612903226
Sudan,2025-08,27.387096774193548
Sudan,2025-09,28.935
Sudan,2025-10,30.200000000000003
Sudan,2025-11,26.75
Sudan,2025-12,21.938709677419357
Sudan,2026-01,22.44
Sudan,2026-02,23.701785714285712
Sudan,2026-03,25.00172413793103
Sudan,2026-04,29.11
Sudan,2026-05,31.89032258064516
Sudan,2026-06,32.13728813559322
Sudan,2026-07,30.415
Suriname,2024-05,28.61764705882353
Suriname,2024-06,28.406896551724138
Suriname,2024-07,26.351724137931036
Suriname,2024-08,26.693548387096776
Suriname,2024-09,26.08
Suriname,2024-10,24.33225806451613
Suriname,2024-11,24.12
Suriname,2024-12,23.6
Suriname,2025-01,22.85666666666667
Suriname,2025-02,23.260714285714283
Suriname,2025-03,23.432258064516127
Suriname,2025-04,23.873333333333335
Suriname,2025-05,24.009677419354837
Suriname,2025-06,23.966666666666665
Suriname,2025-07,23.37741935483871
Suriname,2025-08,23.74516129032258
Suriname,2025-09,24.166666666666668
Suriname,2025-10,24.190322580645162
Suriname,2025-11,23.976666666666667
Suriname,2025-12,23.635483870967743
Suriname,2026-01,23.44333333333333
Suriname,2026-02,22.74285714285714
Suriname,2026-03,23.70344827586207
Suriname,2026-04,24.11
Suriname,2026-05,24.393548387096775
Suriname,2026-06,23.88
Suriname,2026-07,23.880000000000003
Swaziland,2024-05,21.123529411764707
Swaziland,2024-06,19.266666666666666
Swaziland,2024-07,23.235714285714288
Swaziland,2024-08,25.17096774193548
Swaziland,2024-09,24.423333333333336
Swaziland,2024-10,22.59032258064516
Swaziland,2024-11,25.073333333333334
Swaziland,2024-12,27.94193548387097
Swaziland,2025-01,26.47741935483871
Swaziland,2025-02,24.464285714285715
Swaziland,2025-03,24.23
Swaziland,2025-04,21.18
Swaziland,2025-05,20.154838709677417
Swaziland,2025-06,17.796666666666667
Swaziland,2025-07,17.20967741935484
Swaziland,2025-08,18.32903225806452
Swaziland,2025-09,20.11
Swaziland,2025-10,19.883870967741935
Swaziland,2025-11,20.303333333333335
Swaziland,2025-12,22.006451612903227
Swaziland,2026-01,21.89
Swaziland,2026-02,22.739285714285717
Swaziland,2026-03,18.436666666666667
Swaziland,2026-04,16.913333333333334
Swaziland,2026-05,14.316129032258065
Swaziland,2026-06,13.1
Sweden,2024-05,21.88235294117647
Sweden,2024-06,20.153333333333332
Sweden,2024-07,21.464285714285715
Sweden,2024-08,21.63225806451613
Sweden,2024-09,17.566666666666666
Sweden,2024-10,10.819354838709677
Sweden,2024-11,4.640000000000001
Sweden,2024-12,2.5000000000000004
Sweden,2025-01,1.5129032258064528
Sweden,2025-02,0.9071428571428587
Sweden,2025-03,5.867741935483871
Sweden,2025-04,9.66
Sweden,2025-05,11.600000000000001
Sweden,2025-06,17.23
Sweden,2025-07,21.629032258064516
Sweden,2025-08,17.02258064516129
Sweden,2025-09,14.833333333333334
Sweden,2025-10,7.893548387096774
Sweden,2025-11,3.9300000000000015
Sweden,2025-12,3.719354838709678
Sweden,2026-01,-0.7166666666666632
Sweden,2026-02,-0.9464285714285666
Sweden,2026-03,3.0633333333333335
Sweden,2026-04,5.466666666666667
Sweden,2026-05,11.212903225806452
Sweden,2026-06,16.186666666666667
Sweden,2026-07,17.09
Switzerland,2024-05,16.88235294117647
Switzerland,2024-06,21.936666666666667
Switzerland,2024-07,25.517857142857142
Switzerland,2024-08,25.716129032258067
Switzerland,2024-09,17.076666666666664
Switzerland,2024-10,13.52258064516129
Switzerland,2024-11,5.470000000000001
Switzerland,2024-12,3.332258064516129
Switzerland,2025-01,3.2677419354838717
Switzerland,2025-02,4.157142857142857
Switzerland,2025-03,7.6
Switzerland,2025-04,11.860000000000001
Switzerland,2025-05,14.73225806451613
Switzerland,2025-06,22.016666666666666
Switzerland,2025-07,20.129032258064516
Switzerland,2025-08,18.283333333333335
Switzerland,2025-09,11.79047619047619
Switzerland,2025-10,7.505263157894737
Switzerland,2025-11,1.4138888888888905
Switzerland,2025-12,0.2457142857142877
Switzerland,2026-01,-0.6066666666666635
Switzerland,2026-02,2.1290322580645173
Switzerland,2026-03,0.5750000000000016
Switzerland,2026-04,5.626470588235295
Switzerland,2026-05,10.631428571428572
Switzerland,2026-06,16.33
Switzerland,2026-07,17.405
Syria,2024-05,30.58823529411765
Syria,2024-06,38.12
Syria,2024-07,36.88928571428572
Syria,2024-08,36.47741935483871
Syria,2024-09,32.14
Syria,2024-10,25.0
Syria,2024-11,17.546666666666667
Syria,2024-12,13.941935483870967
Syria,2025-01,12.964516129032257
Syria,2025-02,10.360714285714286
Syria,2025-03,17.703225806451613
Syria,2025-04,21.506666666666668
Syria,2025-05,27.051612903225806
Syria,2025-06,30.448275862068964
Syria,2025-07,31.629032258064516
Syria,2025-08,31.12258064516129
Syria,2025-09,25.266666666666666
Syria,2025-10,20.593548387096774
Syria,2025-11,14.953333333333335
Syria,2025-12,7.370967741935484
Syria,2026-01,5.09
Syria,2026-02,9.596428571428572
Syria,2026-03,8.916129032258064
Syria,2026-04,14.610000000000001
Syria,2026-05,20.0258064516129
Syria,2026-06,21.746666666666666
Syria,2026-07,22.580000000000002
Südkorea,2024-07,26.1
Tajikistan,2024-05,24.41176470588235
Tajikistan,2024-06,29.06
Tajikistan,2024-07,34.36071428571429
Tajikistan,2024-08,34.45483870967742
Tajikistan,2024-09,29.873333333333335
Tajikistan,2024-10,22.967741935483872
Tajikistan,2024-11,16.573333333333334
Tajikistan,2024-12,7.05483870967742
Tajikistan,2025-01,7.580645161290323
Tajikistan,2025-02,11.435714285714285
Tajikistan,2025-03,16.467741935483872
Tajikistan,2025-04,24.40666666666667
Tajikistan,2025-05,30.467741935483872
Tajikistan,2025-06,34.480000000000004
Tajikistan,2025-07,38.487096774193546
Tajikistan,2025-08,35.903225806451616
Tajikistan,2025-09,31.183333333333334
Tajikistan,2025-10,24.970967741935485
Tajikistan,2025-11,15.466666666666667
Tajikistan,2025-12,9.851612903225806
Tajikistan,2026-01,6.69
Tajikistan,2026-02,13.364285714285714
Tajikistan,2026-03,14.341379310344829
Tajikistan,2026-04,20.073333333333334
Tajikistan,2026-05,25.070967741935487
Tajikistan,2026-06,30.516666666666666
Tajikistan,2026-07,34.15
Tanzania,2024-05,27.058823529411764
Tanzania,2024-06,27.12
Tanzania,2024-07,28.013793103448275
Tanzania,2024-08,27.925806451612903
Tanzania,2024-09,28.92
Tanzania,2024-10,28.27741935483871
Tanzania,2024-11,29.279999999999998
Tanzania,2024-12,27.316129032258065
Tanzania,2025-01,26.761290322580646
Tanzania,2025-02,27.685714285714287
Tanzania,2025-03,26.548387096774192
Tanzania,2025-04,25.540000000000003
Tanzania,2025-05,24.92258064516129
Tanzania,2025-06,23.82
Tanzania,2025-07,22.574193548387097
Tanzania,2025-08,22.23225806451613
Tanzania,2025-09,23.796666666666667
Tanzania,2025-10,25.09032258064516
Tanzania,2025-11,25.163333333333334
Tanzania,2025-12,23.693548387096776
Tanzania,2026-01,22.83
Tanzania,2026-02,21.635714285714283
Tanzania,2026-03,20.86551724137931
Tanzania,2026-04,21.34
Tanzania,2026-05,20.625806451612902
Tanzania,2026-06,18.84
Tanzania,2026-07,17.630000000000003
Thailand,2024-05,28.724242424242423
Thailand,2024-06,29.33103448275862
Thailand,2024-07,27.74310344827586
Thailand,2024-08,28.530645161290323
Thailand,2024-09,29.261666666666667
Thailand,2024-10,30.585483870967742
Thailand,2024-11,30.816666666666666
Thailand,2024-12,28.874193548387098
Thailand,2025-01,29.138709677419353
Thailand,2025-02,32.408928571428575
Thailand,2025-03,34.524193548387096
Thailand,2025-04,34.333333333333336
Thailand,2025-05,31.76290322580645
Thailand,2025-06,32.461666666666666
Thailand,2025-07,31.003225806451614
Thailand,2025-08,32.52741935483871
Thailand,2025-09,31.459999999999997
Thailand,2025-10,31.330645161290324
Thailand,2025-11,29.038333333333334
Thailand,2025-12,29.64032258064516
Thailand,2026-01,29.279999999999998
Thailand,2026-02,32.349122807017544
Thailand,2026-03,33.880645161290325
Thailand,2026-04,36.2
Thailand,2026-05,33.277419354838706
Thailand,2026-06,32.776271186440674
Thailand,2026-07,31.267500000000002
Timor-Leste,2024-05,25.46470588235294
Timor-Leste,2024-06,24.303448275862067
Timor-Leste,2024-07,23.642857142857142
Timor-Leste,2024-08,24.09032258064516
Timor-Leste,2024-09,25.446666666666665
Timor-Leste,2024-10,27.580645161290324
Timor-Leste,2024-11,27.916666666666668
Timor-Leste,2024-12,26.606451612903225
Timor-Leste,2025-01,26.348387096774193
Timor-Leste,2025-02,26.228571428571428
Timor-Leste,2025-03,26.883870967741935
Timor-Leste,2025-04,26.45
Timor-Leste,2025-05,26.4741935483871
Timor-Leste,2025-06,25.85666666666667
Timor-Leste,2025-07,25.77741935483871
Timor-Leste,2025-08,26.287096774193547
Timor-Leste,2025-09,27.026666666666664
Timor-Leste,2025-10,27.848387096774193
Timor-Leste,2025-11,27.846666666666668
Timor-Leste,2025-12,27.11935483870968
Timor-Leste,2026-01,27.386666666666667
Timor-Leste,2026-02,27.099999999999998
Timor-Leste,2026-03,26.817241379310346
Timor-Leste,2026-04,26.7
Timor-Leste,2026-05,27.20967741935484
Timor-Leste,2026-06,26.848275862068967
Timor-Leste,2026-07,26.685000000000002
Togo,2024-06,27.9
Togo,2026-06,26.3
Tonga,2024-05,23.64375
Tonga,2024-06,22.48
Tonga,2024-07,21.917241379310347
Tonga,2024-08,21.364516129032257
Tonga,2024-09,21.106451612903225
Tonga,2024-10,22.92258064516129
Tonga,2024-11,23.663333333333334
Tonga,2024-12,25.283870967741933
Tonga,2025-01,24.86774193548387
Tonga,2025-02,26.12142857142857
Tonga,2025-03,25.641935483870967
Tonga,2025-04,25.706666666666667
Tonga,2025-05,23.648387096774194
Tonga,2025-06,22.35666666666667
Tonga,2025-07,21.190322580645162
Tonga,2025-08,21.129032258064516
Tonga,2025-09,21.07241379310345
Tonga,2025-10,22.906451612903226
Tonga,2025-11,24.529999999999998
Tonga,2025-12,26.016129032258064
Tonga,2026-01,27.886666666666667
Tonga,2026-02,28.357142857142858
Tonga,2026-03,27.86551724137931
Tonga,2026-04,26.220000000000002
Tonga,2026-05,23.903225806451612
Tonga,2026-06,21.866666666666667
Tonga,2026-07,21.07
Trinidad and Tobago,2024-05,30.11764705882353
Trinidad and Tobago,2024-06,29.386666666666667
Trinidad and Tobago,2024-07,27.36896551724138
Trinidad and Tobago,2024-08,26.858064516129033
Trinidad and Tobago,2024-09,27.02
Trinidad and Tobago,2024-10,25.541935483870965
Trinidad and Tobago,2024-11,25.66896551724138
Trinidad and Tobago,2024-12,24.177419354838708
Trinidad and Tobago,2025-01,23.44
Trinidad and Tobago,2025-02,23.810714285714287
Trinidad and Tobago,2025-03,24.219354838709677
Trinidad and Tobago,2025-04,25.053333333333335
Trinidad and Tobago,2025-05,25.129032258064516
Trinidad and Tobago,2025-06,25.326666666666664
Trinidad and Tobago,2025-07,24.641935483870967
Trinidad and Tobago,2025-08,25.161290322580644
Trinidad and Tobago,2025-09,25.236666666666668
Trinidad and Tobago,2025-10,25.345161290322583
Trinidad and Tobago,2025-11,25.05
Trinidad and Tobago,2025-12,24.183870967741935
Trinidad and Tobago,2026-01,24.25
Trinidad and Tobago,2026-02,24.38214285714286
Trinidad and Tobago,2026-03,22.917241379310347
Trinidad and Tobago,2026-04,23.65666666666667
Trinidad and Tobago,2026-05,24.1
Trinidad and Tobago,2026-06,24.290000000000003
Trinidad and Tobago,2026-07,24.325
Tunisia,2024-05,28.01764705882353
Tunisia,2024-06,30.14333333333333
Tunisia,2024-07,34.21785714285714
Tunisia,2024-08,34.63225806451613
Tunisia,2024-09,30.183333333333334
Tunisia,2024-10,25.14516129032258
Tunisia,2024-11,19.696666666666665
Tunisia,2024-12,15.403225806451612
Tunisia,2025-01,16.026666666666667
Tunisia,2025-02,15.517857142857142
Tunisia,2025-03,17.929032258064513
Tunisia,2025-04,19.256666666666668
Tunisia,2025-05,22.748387096774195
Tunisia,2025-06,29.43103448275862
Tunisia,2025-07,30.845161290322583
Tunisia,2025-08,28.700000000000003
Tunisia,2025-09,26.436666666666667
Tunisia,2025-10,21.148387096774194
Tunisia,2025-11,14.513333333333334
Tunisia,2025-12,11.774193548387096
Tunisia,2026-01,10.49
Tunisia,2026-02,11.935714285714285
Tunisia,2026-03,11.625806451612902
Tunisia,2026-04,15.123333333333333
Tunisia,2026-05,19.11935483870968
Tunisia,2026-06,24.220000000000002
Tunisia,2026-07,26.9
Turkey,2024-05,23.688235294117646
Turkey,2024-06,32.032758620689656
Turkey,2024-07,32.150877192982456
Turkey,2024-08,32.501612903225805
Turkey,2024-09,26.94333333333333
Turkey,2024-10,19.766129032258064
Turkey,2024-11,11.66
Turkey,2024-12,9.316129032258065
Turkey,2025-01,8.759677419354839
Turkey,2025-02,5.208928571428572
Turkey,2025-03,13.95483870967742
Turkey,2025-04,13.325
Turkey,2025-05,20.65806451612903
Turkey,2025-06,25.851666666666667
Turkey,2025-07,29.703225806451616
Turkey,2025-08,26.92096774193548
Turkey,2025-09,21.175
Turkey,2025-10,13.688709677419356
Turkey,2025-11,9.321666666666665
Turkey,2025-12,3.429032258064517
Turkey,2026-01,3.6533333333333347
Turkey,2026-02,4.953571428571429
Turkey,2026-03,5.459322033898306
Turkey,2026-04,9.25
Turkey,2026-05,14.19032258064516
Turkey,2026-06,19.70508474576271
Turkey,2026-07,21.3525
Turkmenistan,2024-05,24.941176470588236
Turkmenistan,2024-06,35.35
Turkmenistan,2024-07,37.489285714285714
Turkmenistan,2024-08,36.57741935483871
Turkmenistan,2024-09,30.040000000000003
Turkmenistan,2024-10,21.951612903225808
Turkmenistan,2024-11,15.1
Turkmenistan,2024-12,9.138709677419355
Turkmenistan,2025-01,9.219354838709679
Turkmenistan,2025-02,8.028571428571428
Turkmenistan,2025-03,17.93548387096774
Turkmenistan,2025-04,26.613333333333333
Turkmenistan,2025-05,31.138709677419353
Turkmenistan,2025-06,33.00333333333334
Turkmenistan,2025-07,36.94193548387097
Turkmenistan,2025-08,35.21612903225807
Turkmenistan,2025-09,28.243333333333332
Turkmenistan,2025-10,23.02258064516129
Turkmenistan,2025-11,17.029999999999998
Turkmenistan,2025-12,7.699999999999999
Turkmenistan,2026-01,5.510000000000001
Turkmenistan,2026-02,11.807142857142859
Turkmenistan,2026-03,13.479999999999999
Turkmenistan,2026-04,20.08
Turkmenistan,2026-05,27.009677419354837
Turkmenistan,2026-06,30.766666666666666
Turkmenistan,2026-07,33.765
Turkménistan,2024-07,37.8
Tuvalu,2024-05,28.69375
Tuvalu,2024-06,28.346666666666668
Tuvalu,2024-07,28.731034482758623
Tuvalu,2024-08,28.306451612903224
Tuvalu,2024-09,28.561290322580643
Tuvalu,2024-10,28.838709677419356
Tuvalu,2024-11,29.17
Tuvalu,2024-12,28.70967741935484
Tuvalu,2025-01,28.53548387096774
Tuvalu,2025-02,28.642857142857142
Tuvalu,2025-03,29.009677419354837
Tuvalu,2025-04,28.523333333333333
Tuvalu,2025-05,29.103225806451615
Tuvalu,2025-06,28.56
Tuvalu,2025-07,28.683870967741935
Tuvalu,2025-08,28.700000000000003
Tuvalu,2025-09,28.279999999999998
Tuvalu,2025-10,28.432258064516127
Tuvalu,2025-11,28.873333333333335
Tuvalu,2025-12,29.406451612903226
Tuvalu,2026-01,28.853333333333335
Tuvalu,2026-02,28.935714285714287
Tuvalu,2026-03,29.103333333333335
Tuvalu,2026-04,29.833333333333332
Tuvalu,2026-05,29.541935483870965
Tuvalu,2026-06,29.426666666666666
Tuvalu,2026-07,28.355
USA United States of America,2024-06,24.53333333333333
Uganda,2024-05,26.105882352941176
Uganda,2024-06,25.89333333333333
Uganda,2024-07,26.75
Uganda,2024-08,26.529032258064515
Uganda,2024-09,27.413333333333334
Uganda,2024-10,27.148387096774194
Uganda,2024-11,24.506666666666668
Uganda,2024-12,27.251612903225805
Uganda,2025-01,27.874193548387098
Uganda,2025-02,30.139285714285712
Uganda,2025-03,26.5
Uganda,2025-04,24.116666666666667
Uganda,2025-05,24.490322580645163
Uganda,2025-06,24.529999999999998
Uganda,2025-07,24.335483870967742
Uganda,2025-08,24.203225806451613
Uganda,2025-09,25.85
Uganda,2025-10,24.251612903225805
Uganda,2025-11,23.926666666666666
Uganda,2025-12,23.09032258064516
Uganda,2026-01,24.283333333333335
Uganda,2026-02,22.307142857142857
Uganda,2026-03,21.480645161290322
Uganda,2026-04,22.543333333333333
Uganda,2026-05,23.30322580645161
Uganda,2026-06,22.763333333333332
Uganda,2026-07,21.880000000000003
Ukraine,2024-05,19.858823529411765
Ukraine,2024-06,23.78666666666667
Ukraine,2024-07,30.49655172413793
Ukraine,2024-08,29.606451612903225
Ukraine,2024-09,26.02
Ukraine,2024-10,13.935483870967742
Ukraine,2024-11,3.93
Ukraine,2024-12,1.8612903225806454
Ukraine,2025-01,3.4935483870967747
Ukraine,2025-02,-0.5464285714285682
Ukraine,2025-03,8.7
Ukraine,2025-04,13.636666666666667
Ukraine,2025-05,15.058064516129033
Ukraine,2025-06,20.746666666666666
Ukraine,2025-07,25.274193548387096
Ukraine,2025-08,23.806451612903224
Ukraine,2025-09,19.69
Ukraine,2025-10,9.641935483870967
Ukraine,2025-11,6.403333333333333
Ukraine,2025-12,1.3258064516129044
Ukraine,2026-01,-1.4766666666666617
Ukraine,2026-02,-1.1607142857142811
Ukraine,2026-03,3.4838709677419355
Ukraine,2026-04,7.053333333333333
Ukraine,2026-05,14.248387096774193
Ukraine,2026-06,18.39
Ukraine,2026-07,18.830000000000002
United Arab Emirates,2024-05,35.35294117647059
United Arab Emirates,2024-06,37.61333333333334
United Arab Emirates,2024-07,37.50344827586206
United Arab Emirates,2024-08,37.63870967741936
United Arab Emirates,2024-09,38.88
United Arab Emirates,2024-10,32.270967741935486
United Arab Emirates,2024-11,29.083333333333332
United Arab Emirates,2024-12,24.164516129032258
United Arab Emirates,2025-01,23.296774193548387
United Arab Emirates,2025-02,25.42142857142857
United Arab Emirates,2025-03,29.470967741935485
United Arab Emirates,2025-04,36.04666666666667
United Arab Emirates,2025-05,39.225806451612904
United Arab Emirates,2025-06,38.21
United Arab Emirates,2025-07,40.95483870967742
United Arab Emirates,2025-08,41.693548387096776
United Arab Emirates,2025-09,38.26
United Arab Emirates,2025-10,33.5516129032258
United Arab Emirates,2025-11,28.80666666666667
United Arab Emirates,2025-12,24.216129032258067
United Arab Emirates,2026-01,21.976666666666667
United Arab Emirates,2026-02,24.11785714285714
United Arab Emirates,2026-03,25.373333333333335
United Arab Emirates,2026-04,26.833333333333332
United Arab Emirates,2026-05,34.15483870967742
United Arab Emirates,2026-06,35.233333333333334
United Arab Emirates,2026-07,36.38
United Kingdom,2024-05,17.058823529411764
United Kingdom,2024-06,19.71034482758621
United Kingdom,2024-07,20.95357142857143
United Kingdom,2024-08,22.38064516129032
United Kingdom,2024-09,17.209999999999997
United Kingdom,2024-10,12.86774193548387
United Kingdom,2024-11,8.133333333333333
United Kingdom,2024-12,7.635483870967741
United Kingdom,2025-01,4.5
United Kingdom,2025-02,5.846428571428571
United Kingdom,2025-03,8.46774193548387
United Kingdom,2025-04,11.92
United Kingdom,2025-05,14.958064516129031
United Kingdom,2025-06,18.81
United Kingdom,2025-07,19.76451612903226
United Kingdom,2025-08,17.596774193548388
United Kingdom,2025-09,13.446666666666665
United Kingdom,2025-10,10.95483870967742
United Kingdom,2025-11,8.74
United Kingdom,2025-12,6.819354838709677
United Kingdom,2026-01,4.173333333333334
United Kingdom,2026-02,7.096428571428571
United Kingdom,2026-03,5.953333333333333
United Kingdom,2026-04,7.67
United Kingdom,2026-05,12.087096774193547
United Kingdom,2026-06,15.756666666666666
United Kingdom,2026-07,16.7
United States of America,2024-05,10.347058823529412
United States of America,2024-06,11.24
United States of America,2024-07,11.292592592592591
United States of America,2024-08,11.361290322580645
United States of America,2024-09,11.176666666666668
United States of America,2024-10,8.506666666666666
United States of America,2024-11,6.755172413793104
United States of America,2024-12,5.880645161290323
United States of America,2025-01,3.826666666666667
United States of America,2025-02,3.160714285714286
United States of America,2025-03,6.248387096774193
United States of America,2025-04,7.91
United States of America,2025-05,9.493333333333334
United States of America,2025-06,10.99
United States of America,2025-07,12.648387096774194
United States of America,2025-08,14.803225806451614
United States of America,2025-09,12.583333333333334
United States of America,2025-10,9.16451612903226
United States of America,2025-11,7.241935483870968
United States of America,2025-12,5.603225806451613
United States of America,2026-01,5.496551724137931
United States of America,2026-02,4.910714285714286
United States of America,2026-03,6.4655172413793105
United States of America,2026-04,9.146666666666667
United States of America,2026-05,10.729032258064516
United States of America,2026-06,14.426470588235293
United States of America,2026-07,12.857894736842105
Uruguay,2024-05,11.941176470588236
Uruguay,2024-06,13.463333333333333
Uruguay,2024-07,7.541379310344827
Uruguay,2024-08,10.416129032258064
Uruguay,2024-09,12.55
Uruguay,2024-10,14.203225806451613
Uruguay,2024-11,16.71333333333333
Uruguay,2024-12,17.580645161290324
Uruguay,2025-01,20.336666666666666
Uruguay,2025-02,20.814285714285713
Uruguay,2025-03,18.883870967741935
Uruguay,2025-04,13.84
Uruguay,2025-05,13.003225806451614
Uruguay,2025-06,6.956666666666666
Uruguay,2025-07,7.970967741935484
Uruguay,2025-08,9.812903225806451
Uruguay,2025-09,10.97
Uruguay,2025-10,13.838709677419354
Uruguay,2025-11,14.923333333333334
Uruguay,2025-12,20.061290322580643
Uruguay,2026-01,19.646666666666665
Uruguay,2026-02,19.77857142857143
Uruguay,2026-03,19.18
Uruguay,2026-04,16.276666666666667
Uruguay,2026-05,10.780645161290321
Uruguay,2026-06,9.453333333333335
Uruguay,2026-07,10.39
Uzbekistan,2024-05,23.764705882352942
Uzbekistan,2024-06,33.873333333333335
Uzbekistan,2024-07,35.93448275862069
Uzbekistan,2024-08,35.52903225806452
Uzbekistan,2024-09,28.25
Uzbekistan,2024-10,20.919354838709676
Uzbekistan,2024-11,14.286666666666667
Uzbekistan,2024-12,4.770967741935484
Uzbekistan,2025-01,7.225806451612903
Uzbekistan,2025-02,9.903571428571428
Uzbekistan,2025-03,16.5
Uzbekistan,2025-04,25.733333333333334
Uzbekistan,2025-05,32.00967741935484
Uzbekistan,2025-06,34.80333333333333
Uzbekistan,2025-07,37.21290322580645
Uzbekistan,2025-08,34.05806451612903
Uzbekistan,2025-09,28.966666666666665
Uzbekistan,2025-10,22.94516129032258
Uzbekistan,2025-11,14.573333333333332
Uzbekistan,2025-12,7.916129032258064
Uzbekistan,2026-01,5.8133333333333335
Uzbekistan,2026-02,11.785714285714286
Uzbekistan,2026-03,13.816129032258065
Uzbekistan,2026-04,21.13
Uzbekistan,2026-05,27.374193548387098
Uzbekistan,2026-06,32.190000000000005
Uzbekistan,2026-07,35.155
Vanuatu,2024-05,23.175
Vanuatu,2024-06,22.736666666666668
Vanuatu,2024-07,22.57241379310345
Vanuatu,2024-08,21.532258064516128
Vanuatu,2024-09,22.503333333333334
Vanuatu,2024-10,23.483870967741936
Vanuatu,2024-11,24.91
Vanuatu,2024-12,26.019354838709678
Vanuatu,2025-01,25.51290322580645
Vanuatu,2025-02,26.50357142857143
Vanuatu,2025-03,25.874193548387098
Vanuatu,2025-04,25.936666666666667
Vanuatu,2025-05,24.458064516129035
Vanuatu,2025-06,23.716666666666665
Vanuatu,2025-07,22.603225806451615
Vanuatu,2025-08,23.529032258064515
Vanuatu,2025-09,23.796666666666667
Vanuatu,2025-10,25.641935483870967
Vanuatu,2025-11,27.186666666666667
Vanuatu,2025-12,28.403225806451612
Vanuatu,2026-01,28.796666666666667
Vanuatu,2026-02,28.88214285714286
Vanuatu,2026-03,28.44516129032258
Vanuatu,2026-04,27.57
Vanuatu,2026-05,26.348387096774193
Vanuatu,2026-06,24.416666666666668
Vanuatu,2026-07,23.64
Vatican City,2024-05,23.941176470588236
Vatican City,2024-06,29.23
Vatican City,2024-07,34.272413793103446
Vatican City,2024-08,34.71935483870968
Vatican City,2024-09,25.493333333333332
Vatican City,2024-10,20.883870967741935
Vatican City,2024-11,13.923333333333334
Vatican City,2024-12,10.24516129032258
Vatican City,2025-01,12.019354838709678
Vatican City,2025-02,11.396428571428572
Vatican City,2025-03,13.738709677419356
Vatican City,2025-04,16.96333333333333
Vatican City,2025-05,20.44516129032258
Vatican City,2025-06,28.506666666666668
Vatican City,2025-07,28.509677419354837
Vatican City,2025-08,27.212903225806453
Vatican City,2025-09,22.103333333333335
Vatican City,2025-10,15.803225806451612
Vatican City,2025-11,10.416666666666666
Vatican City,2025-12,6.948387096774193
Vatican City,2026-01,7.1899999999999995
Vatican City,2026-02,9.182142857142859
Vatican City,2026-03,8.719354838709679
Vatican City,2026-04,11.893333333333334
Vatican City,2026-05,16.438709677419357
Vatican City,2026-06,22.029999999999998
Vatican City,2026-07,24.119999999999997
Venezuela,2024-05,28.53529411764706
Venezuela,2024-06,27.283333333333335
Venezuela,2024-07,24.862068965517242
Venezuela,2024-08,24.774193548387096
Venezuela,2024-09,26.896666666666665
Venezuela,2024-10,18.983333333333334
Venezuela,2024-11,17.92758620689655
Venezuela,2024-12,17.374193548387098
Venezuela,2025-01,21.93
Venezuela,2025-02,23.65357142857143
Venezuela,2025-03,23.896774193548385
Venezuela,2025-04,24.21333333333333
Venezuela,2025-05,25.419354838709676
Venezuela,2025-06,24.56
Venezuela,2025-07,22.251612903225805
Venezuela,2025-08,23.05483870967742
Venezuela,2025-09,23.186666666666667
Venezuela,2025-10,24.861290322580647
Venezuela,2025-11,23.696666666666665
Venezuela,2025-12,24.103225806451615
Venezuela,2026-01,23.336666666666666
Venezuela,2026-02,20.34642857142857
Venezuela,2026-03,17.116129032258065
Venezuela,2026-04,17.959999999999997
Venezuela,2026-05,18.070967741935487
Venezuela,2026-06,17.566666666666666
Venezuela,2026-07,18.03
Vietnam,2024-05,28.41176470588235
Vietnam,2024-06,28.955882352941178
Vietnam,2024-07,27.649019607843137
Vietnam,2024-08,27.574193548387097
Vietnam,2024-09,27.925
Vietnam,2024-10,28.26451612903226
Vietnam,2024-11,26.506666666666668
Vietnam,2024-12,19.67096774193548
Vietnam,2025-01,20.603225806451615
Vietnam,2025-02,20.285714285714285
Vietnam,2025-03,26.31935483870968
Vietnam,2025-04,29.418333333333333
Vietnam,2025-05,30.67258064516129
Vietnam,2025-06,31.128333333333334
Vietnam,2025-07,31.356451612903225
Vietnam,2025-08,31.076470588235296
Vietnam,2025-09,31.876666666666665
Vietnam,2025-10,28.838709677419356
Vietnam,2025-11,24.34333333333333
Vietnam,2025-12,24.037142857142857
Vietnam,2026-01,22.272727272727273
Vietnam,2026-02,24.723684210526315
Vietnam,2026-03,27.44324324324324
Vietnam,2026-04,30.443243243243245
Vietnam,2026-05,32.306451612903224
Vietnam,2026-06,33.44193548387097
Vietnam,2026-07,32.010000000000005
Yemen,2024-05,26.3
Yemen,2024-06,26.836666666666666
Yemen,2024-07,24.553571428571427
Yemen,2024-08,23.703225806451613
Yemen,2024-09,25.44
Yemen,2024-10,22.44516129032258
Yemen,2024-11,19.896666666666665
Yemen,2024-12,20.838709677419356
Yemen,2025-01,20.493548387096773
Yemen,2025-02,23.217857142857145
Yemen,2025-03,22.296774193548387
Yemen,2025-04,23.873333333333335
Yemen,2025-05,25.783870967741933
Yemen,2025-06,26.89333333333333
Yemen,2025-07,27.151612903225807
Yemen,2025-08,24.664516129032258
Yemen,2025-09,23.563333333333333
Yemen,2025-10,19.29032258064516
Yemen,2025-11,16.29
Yemen,2025-12,16.616129032258065
Yemen,2026-01,15.74
Yemen,2026-02,16.160714285714285
Yemen,2026-03,18.02258064516129
Yemen,2026-04,19.993333333333332
Yemen,2026-05,22.625806451612902
Yemen,2026-06,24.283870967741933
Yemen,2026-07,24.21
Zambia,2024-05,23.91176470588235
Zambia,2024-06,24.14
Zambia,2024-07,27.67241379310345
Zambia,2024-08,28.27741935483871
Zambia,2024-09,30.13
Zambia,2024-10,29.187096774193552
Zambia,2024-11,28.566666666666666
Zambia,2024-12,31.112903225806452
Zambia,2025-01,23.358064516129033
Zambia,2025-02,23.575
Zambia,2025-03,23.503225806451614
Zambia,2025-04,23.626666666666665
Zambia,2025-05,21.729032258064517
Zambia,2025-06,21.456666666666667
Zambia,2025-07,19.29032258064516
Zambia,2025-08,22.44193548387097
Zambia,2025-09,27.05666666666667
Zambia,2025-10,27.34193548387097
Zambia,2025-11,24.226666666666667
Zambia,2025-12,21.003225806451614
Zambia,2026-01,20.77
Zambia,2026-02,19.482142857142858
Zambia,2026-03,18.84
Zambia,2026-04,19.333333333333332
Zambia,2026-05,18.338709677419356
Zambia,2026-06,15.626666666666667
Zambia,2026-07,14.794999999999998
Zimbabwe,2024-05,23.170588235294115
Zimbabwe,2024-06,22.403333333333332
Zimbabwe,2024-07,25.81111111111111
Zimbabwe,2024-08,26.593548387096774
Zimbabwe,2024-09,28.40666666666667
Zimbabwe,2024-10,26.67096774193548
Zimbabwe,2024-11,27.383333333333333
Zimbabwe,2024-12,29.393548387096775
Zimbabwe,2025-01,23.37741935483871
Zimbabwe,2025-02,24.857142857142858
Zimbabwe,2025-03,24.093548387096774
Zimbabwe,2025-04,23.133333333333333
Zimbabwe,2025-05,20.916129032258063
Zimbabwe,2025-06,19.64
Zimbabwe,2025-07,17.603225806451615
Zimbabwe,2025-08,20.258064516129032
Zimbabwe,2025-09,24.78666666666667
Zimbabwe,2025-10,24.874193548387098
Zimbabwe,2025-11,22.89
Zimbabwe,2025-12,21.006451612903227
Zimbabwe,2026-01,20.209999999999997
Zimbabwe,2026-02,19.585714285714285
Zimbabwe,2026-03,17.83
Zimbabwe,2026-04,18.08
Zimbabwe,2026-05,16.9
Zimbabwe,2026-06,13.656666666666666
Zimbabwe,2026-07,12.975
Гватемала,2024-07,15.9
Польша,2024-07,24.2
Турция,2024-07,34.0
كولومبيا,2024-07,23.1
火鸡,2024-07,29.7
